name,upstream_category,source,status,upstream_commit
ADClip7,Clipping,https://github.com/baconpaul/airwin2rack/blob/9b871163678d26bde17c7d258b14d37187f942a3/src/autogen_airwin/ADClip7Proc.cpp,RESEARCH_CANDIDATE_NOT_INTEGRATED_NOT_BENCHMARKED,9b871163678d26bde17c7d258b14d37187f942a3
ADClip8,Clipping,https://github.com/baconpaul/airwin2rack/blob/9b871163678d26bde17c7d258b14d37187f942a3/src/autogen_airwin/ADClip8Proc.cpp,RESEARCH_CANDIDATE_NOT_INTEGRATED_NOT_BENCHMARKED,9b871163678d26bde17c7d258b14d37187f942a3
ADClip9,Clipping,https://github.com/baconpaul/airwin2rack/blob/9b871163678d26bde17c7d258b14d37187f942a3/src/autogen_airwin/ADClip9Proc.cpp,RESEARCH_CANDIDATE_NOT_INTEGRATED_NOT_BENCHMARKED,9b871163678d26bde17c7d258b14d37187f942a3
ADT,Ambience,https://github.com/baconpaul/airwin2rack/blob/9b871163678d26bde17c7d258b14d37187f942a3/src/autogen_airwin/ADTProc.cpp,RESEARCH_CANDIDATE_NOT_INTEGRATED_NOT_BENCHMARKED,9b871163678d26bde17c7d258b14d37187f942a3
AQuickVoiceClip,Clipping,https://github.com/baconpaul/airwin2rack/blob/9b871163678d26bde17c7d258b14d37187f942a3/src/autogen_airwin/AQuickVoiceClipProc.cpp,RESEARCH_CANDIDATE_NOT_INTEGRATED_NOT_BENCHMARKED,9b871163678d26bde17c7d258b14d37187f942a3
Acceleration,Brightness,https://github.com/baconpaul/airwin2rack/blob/9b871163678d26bde17c7d258b14d37187f942a3/src/autogen_airwin/AccelerationProc.cpp,RESEARCH_CANDIDATE_NOT_INTEGRATED_NOT_BENCHMARKED,9b871163678d26bde17c7d258b14d37187f942a3
Acceleration2,Brightness,https://github.com/baconpaul/airwin2rack/blob/9b871163678d26bde17c7d258b14d37187f942a3/src/autogen_airwin/Acceleration2Proc.cpp,RESEARCH_CANDIDATE_NOT_INTEGRATED_NOT_BENCHMARKED,9b871163678d26bde17c7d258b14d37187f942a3
Air,Brightness,https://github.com/baconpaul/airwin2rack/blob/9b871163678d26bde17c7d258b14d37187f942a3/src/autogen_airwin/AirProc.cpp,RESEARCH_CANDIDATE_NOT_INTEGRATED_NOT_BENCHMARKED,9b871163678d26bde17c7d258b14d37187f942a3
Air2,Brightness,https://github.com/baconpaul/airwin2rack/blob/9b871163678d26bde17c7d258b14d37187f942a3/src/autogen_airwin/Air2Proc.cpp,RESEARCH_CANDIDATE_NOT_INTEGRATED_NOT_BENCHMARKED,9b871163678d26bde17c7d258b14d37187f942a3
Air3,Brightness,https://github.com/baconpaul/airwin2rack/blob/9b871163678d26bde17c7d258b14d37187f942a3/src/autogen_airwin/Air3Proc.cpp,RESEARCH_CANDIDATE_NOT_INTEGRATED_NOT_BENCHMARKED,9b871163678d26bde17c7d258b14d37187f942a3
Air4,Brightness,https://github.com/baconpaul/airwin2rack/blob/9b871163678d26bde17c7d258b14d37187f942a3/src/autogen_airwin/Air4Proc.cpp,RESEARCH_CANDIDATE_NOT_INTEGRATED_NOT_BENCHMARKED,9b871163678d26bde17c7d258b14d37187f942a3
AngleEQ,Filter,https://github.com/baconpaul/airwin2rack/blob/9b871163678d26bde17c7d258b14d37187f942a3/src/autogen_airwin/AngleEQProc.cpp,RESEARCH_CANDIDATE_NOT_INTEGRATED_NOT_BENCHMARKED,9b871163678d26bde17c7d258b14d37187f942a3
AngleFilter,Filter,https://github.com/baconpaul/airwin2rack/blob/9b871163678d26bde17c7d258b14d37187f942a3/src/autogen_airwin/AngleFilterProc.cpp,RESEARCH_CANDIDATE_NOT_INTEGRATED_NOT_BENCHMARKED,9b871163678d26bde17c7d258b14d37187f942a3
Apicolypse,Tone Color,https://github.com/baconpaul/airwin2rack/blob/9b871163678d26bde17c7d258b14d37187f942a3/src/autogen_airwin/ApicolypseProc.cpp,RESEARCH_CANDIDATE_NOT_INTEGRATED_NOT_BENCHMARKED,9b871163678d26bde17c7d258b14d37187f942a3
AtmosphereBuss,Consoles,https://github.com/baconpaul/airwin2rack/blob/9b871163678d26bde17c7d258b14d37187f942a3/src/autogen_airwin/AtmosphereBussProc.cpp,RESEARCH_CANDIDATE_NOT_INTEGRATED_NOT_BENCHMARKED,9b871163678d26bde17c7d258b14d37187f942a3
AtmosphereChannel,Consoles,https://github.com/baconpaul/airwin2rack/blob/9b871163678d26bde17c7d258b14d37187f942a3/src/autogen_airwin/AtmosphereChannelProc.cpp,RESEARCH_CANDIDATE_NOT_INTEGRATED_NOT_BENCHMARKED,9b871163678d26bde17c7d258b14d37187f942a3
Aura,Effects,https://github.com/baconpaul/airwin2rack/blob/9b871163678d26bde17c7d258b14d37187f942a3/src/autogen_airwin/AuraProc.cpp,RESEARCH_CANDIDATE_NOT_INTEGRATED_NOT_BENCHMARKED,9b871163678d26bde17c7d258b14d37187f942a3
AutoPan,Stereo,https://github.com/baconpaul/airwin2rack/blob/9b871163678d26bde17c7d258b14d37187f942a3/src/autogen_airwin/AutoPanProc.cpp,RESEARCH_CANDIDATE_NOT_INTEGRATED_NOT_BENCHMARKED,9b871163678d26bde17c7d258b14d37187f942a3
AverMatrix,Filter,https://github.com/baconpaul/airwin2rack/blob/9b871163678d26bde17c7d258b14d37187f942a3/src/autogen_airwin/AverMatrixProc.cpp,RESEARCH_CANDIDATE_NOT_INTEGRATED_NOT_BENCHMARKED,9b871163678d26bde17c7d258b14d37187f942a3
Average,Filter,https://github.com/baconpaul/airwin2rack/blob/9b871163678d26bde17c7d258b14d37187f942a3/src/autogen_airwin/AverageProc.cpp,RESEARCH_CANDIDATE_NOT_INTEGRATED_NOT_BENCHMARKED,9b871163678d26bde17c7d258b14d37187f942a3
Balanced,Utility,https://github.com/baconpaul/airwin2rack/blob/9b871163678d26bde17c7d258b14d37187f942a3/src/autogen_airwin/BalancedProc.cpp,RESEARCH_CANDIDATE_NOT_INTEGRATED_NOT_BENCHMARKED,9b871163678d26bde17c7d258b14d37187f942a3
BassAmp,Amp Sims,https://github.com/baconpaul/airwin2rack/blob/9b871163678d26bde17c7d258b14d37187f942a3/src/autogen_airwin/BassAmpProc.cpp,RESEARCH_CANDIDATE_NOT_INTEGRATED_NOT_BENCHMARKED,9b871163678d26bde17c7d258b14d37187f942a3
BassDrive,Amp Sims,https://github.com/baconpaul/airwin2rack/blob/9b871163678d26bde17c7d258b14d37187f942a3/src/autogen_airwin/BassDriveProc.cpp,RESEARCH_CANDIDATE_NOT_INTEGRATED_NOT_BENCHMARKED,9b871163678d26bde17c7d258b14d37187f942a3
BassKit,Bass,https://github.com/baconpaul/airwin2rack/blob/9b871163678d26bde17c7d258b14d37187f942a3/src/autogen_airwin/BassKitProc.cpp,RESEARCH_CANDIDATE_NOT_INTEGRATED_NOT_BENCHMARKED,9b871163678d26bde17c7d258b14d37187f942a3
Baxandall,Filter,https://github.com/baconpaul/airwin2rack/blob/9b871163678d26bde17c7d258b14d37187f942a3/src/autogen_airwin/BaxandallProc.cpp,RESEARCH_CANDIDATE_NOT_INTEGRATED_NOT_BENCHMARKED,9b871163678d26bde17c7d258b14d37187f942a3
Baxandall2,Filter,https://github.com/baconpaul/airwin2rack/blob/9b871163678d26bde17c7d258b14d37187f942a3/src/autogen_airwin/Baxandall2Proc.cpp,RESEARCH_CANDIDATE_NOT_INTEGRATED_NOT_BENCHMARKED,9b871163678d26bde17c7d258b14d37187f942a3
Baxandall3,Filter,https://github.com/baconpaul/airwin2rack/blob/9b871163678d26bde17c7d258b14d37187f942a3/src/autogen_airwin/Baxandall3Proc.cpp,RESEARCH_CANDIDATE_NOT_INTEGRATED_NOT_BENCHMARKED,9b871163678d26bde17c7d258b14d37187f942a3
Beam,Dithers,https://github.com/baconpaul/airwin2rack/blob/9b871163678d26bde17c7d258b14d37187f942a3/src/autogen_airwin/BeamProc.cpp,RESEARCH_CANDIDATE_NOT_INTEGRATED_NOT_BENCHMARKED,9b871163678d26bde17c7d258b14d37187f942a3
BezEQ,Filter,https://github.com/baconpaul/airwin2rack/blob/9b871163678d26bde17c7d258b14d37187f942a3/src/autogen_airwin/BezEQProc.cpp,RESEARCH_CANDIDATE_NOT_INTEGRATED_NOT_BENCHMARKED,9b871163678d26bde17c7d258b14d37187f942a3
BezEQ2,Filter,https://github.com/baconpaul/airwin2rack/blob/9b871163678d26bde17c7d258b14d37187f942a3/src/autogen_airwin/BezEQ2Proc.cpp,RESEARCH_CANDIDATE_NOT_INTEGRATED_NOT_BENCHMARKED,9b871163678d26bde17c7d258b14d37187f942a3
BezEQ3,Filter,https://github.com/baconpaul/airwin2rack/blob/9b871163678d26bde17c7d258b14d37187f942a3/src/autogen_airwin/BezEQ3Proc.cpp,RESEARCH_CANDIDATE_NOT_INTEGRATED_NOT_BENCHMARKED,9b871163678d26bde17c7d258b14d37187f942a3
BezEQ4,Unclassified,https://github.com/baconpaul/airwin2rack/blob/9b871163678d26bde17c7d258b14d37187f942a3/src/autogen_airwin/BezEQ4Proc.cpp,RESEARCH_CANDIDATE_NOT_INTEGRATED_NOT_BENCHMARKED,9b871163678d26bde17c7d258b14d37187f942a3
BeziComp,Dynamics,https://github.com/baconpaul/airwin2rack/blob/9b871163678d26bde17c7d258b14d37187f942a3/src/autogen_airwin/BeziCompProc.cpp,RESEARCH_CANDIDATE_NOT_INTEGRATED_NOT_BENCHMARKED,9b871163678d26bde17c7d258b14d37187f942a3
BigAmp,Amp Sims,https://github.com/baconpaul/airwin2rack/blob/9b871163678d26bde17c7d258b14d37187f942a3/src/autogen_airwin/BigAmpProc.cpp,RESEARCH_CANDIDATE_NOT_INTEGRATED_NOT_BENCHMARKED,9b871163678d26bde17c7d258b14d37187f942a3
Biquad,Biquads,https://github.com/baconpaul/airwin2rack/blob/9b871163678d26bde17c7d258b14d37187f942a3/src/autogen_airwin/BiquadProc.cpp,RESEARCH_CANDIDATE_NOT_INTEGRATED_NOT_BENCHMARKED,9b871163678d26bde17c7d258b14d37187f942a3
Biquad2,Biquads,https://github.com/baconpaul/airwin2rack/blob/9b871163678d26bde17c7d258b14d37187f942a3/src/autogen_airwin/Biquad2Proc.cpp,RESEARCH_CANDIDATE_NOT_INTEGRATED_NOT_BENCHMARKED,9b871163678d26bde17c7d258b14d37187f942a3
BiquadDouble,Biquads,https://github.com/baconpaul/airwin2rack/blob/9b871163678d26bde17c7d258b14d37187f942a3/src/autogen_airwin/BiquadDoubleProc.cpp,RESEARCH_CANDIDATE_NOT_INTEGRATED_NOT_BENCHMARKED,9b871163678d26bde17c7d258b14d37187f942a3
BiquadHiLo,Biquads,https://github.com/baconpaul/airwin2rack/blob/9b871163678d26bde17c7d258b14d37187f942a3/src/autogen_airwin/BiquadHiLoProc.cpp,RESEARCH_CANDIDATE_NOT_INTEGRATED_NOT_BENCHMARKED,9b871163678d26bde17c7d258b14d37187f942a3
BiquadNonLin,Biquads,https://github.com/baconpaul/airwin2rack/blob/9b871163678d26bde17c7d258b14d37187f942a3/src/autogen_airwin/BiquadNonLinProc.cpp,RESEARCH_CANDIDATE_NOT_INTEGRATED_NOT_BENCHMARKED,9b871163678d26bde17c7d258b14d37187f942a3
BiquadOneHalf,Biquads,https://github.com/baconpaul/airwin2rack/blob/9b871163678d26bde17c7d258b14d37187f942a3/src/autogen_airwin/BiquadOneHalfProc.cpp,RESEARCH_CANDIDATE_NOT_INTEGRATED_NOT_BENCHMARKED,9b871163678d26bde17c7d258b14d37187f942a3
BiquadPlus,Biquads,https://github.com/baconpaul/airwin2rack/blob/9b871163678d26bde17c7d258b14d37187f942a3/src/autogen_airwin/BiquadPlusProc.cpp,RESEARCH_CANDIDATE_NOT_INTEGRATED_NOT_BENCHMARKED,9b871163678d26bde17c7d258b14d37187f942a3
BiquadStack,Biquads,https://github.com/baconpaul/airwin2rack/blob/9b871163678d26bde17c7d258b14d37187f942a3/src/autogen_airwin/BiquadStackProc.cpp,RESEARCH_CANDIDATE_NOT_INTEGRATED_NOT_BENCHMARKED,9b871163678d26bde17c7d258b14d37187f942a3
BiquadTriple,Biquads,https://github.com/baconpaul/airwin2rack/blob/9b871163678d26bde17c7d258b14d37187f942a3/src/autogen_airwin/BiquadTripleProc.cpp,RESEARCH_CANDIDATE_NOT_INTEGRATED_NOT_BENCHMARKED,9b871163678d26bde17c7d258b14d37187f942a3
BitDualPan,Utility,https://github.com/baconpaul/airwin2rack/blob/9b871163678d26bde17c7d258b14d37187f942a3/src/autogen_airwin/BitDualPanProc.cpp,RESEARCH_CANDIDATE_NOT_INTEGRATED_NOT_BENCHMARKED,9b871163678d26bde17c7d258b14d37187f942a3
BitGlitter,Lo-Fi,https://github.com/baconpaul/airwin2rack/blob/9b871163678d26bde17c7d258b14d37187f942a3/src/autogen_airwin/BitGlitterProc.cpp,RESEARCH_CANDIDATE_NOT_INTEGRATED_NOT_BENCHMARKED,9b871163678d26bde17c7d258b14d37187f942a3
BitShiftGain,Utility,https://github.com/baconpaul/airwin2rack/blob/9b871163678d26bde17c7d258b14d37187f942a3/src/autogen_airwin/BitShiftGainProc.cpp,RESEARCH_CANDIDATE_NOT_INTEGRATED_NOT_BENCHMARKED,9b871163678d26bde17c7d258b14d37187f942a3
BitShiftPan,Utility,https://github.com/baconpaul/airwin2rack/blob/9b871163678d26bde17c7d258b14d37187f942a3/src/autogen_airwin/BitShiftPanProc.cpp,RESEARCH_CANDIDATE_NOT_INTEGRATED_NOT_BENCHMARKED,9b871163678d26bde17c7d258b14d37187f942a3
Bite,Lo-Fi,https://github.com/baconpaul/airwin2rack/blob/9b871163678d26bde17c7d258b14d37187f942a3/src/autogen_airwin/BiteProc.cpp,RESEARCH_CANDIDATE_NOT_INTEGRATED_NOT_BENCHMARKED,9b871163678d26bde17c7d258b14d37187f942a3
BlockParty,Dynamics,https://github.com/baconpaul/airwin2rack/blob/9b871163678d26bde17c7d258b14d37187f942a3/src/autogen_airwin/BlockPartyProc.cpp,RESEARCH_CANDIDATE_NOT_INTEGRATED_NOT_BENCHMARKED,9b871163678d26bde17c7d258b14d37187f942a3
BrassRider,Dynamics,https://github.com/baconpaul/airwin2rack/blob/9b871163678d26bde17c7d258b14d37187f942a3/src/autogen_airwin/BrassRiderProc.cpp,RESEARCH_CANDIDATE_NOT_INTEGRATED_NOT_BENCHMARKED,9b871163678d26bde17c7d258b14d37187f942a3
BrightAmbience,Ambience,https://github.com/baconpaul/airwin2rack/blob/9b871163678d26bde17c7d258b14d37187f942a3/src/autogen_airwin/BrightAmbienceProc.cpp,RESEARCH_CANDIDATE_NOT_INTEGRATED_NOT_BENCHMARKED,9b871163678d26bde17c7d258b14d37187f942a3
BrightAmbience2,Ambience,https://github.com/baconpaul/airwin2rack/blob/9b871163678d26bde17c7d258b14d37187f942a3/src/autogen_airwin/BrightAmbience2Proc.cpp,RESEARCH_CANDIDATE_NOT_INTEGRATED_NOT_BENCHMARKED,9b871163678d26bde17c7d258b14d37187f942a3
BrightAmbience3,Ambience,https://github.com/baconpaul/airwin2rack/blob/9b871163678d26bde17c7d258b14d37187f942a3/src/autogen_airwin/BrightAmbience3Proc.cpp,RESEARCH_CANDIDATE_NOT_INTEGRATED_NOT_BENCHMARKED,9b871163678d26bde17c7d258b14d37187f942a3
BuildATPDF,Dithers,https://github.com/baconpaul/airwin2rack/blob/9b871163678d26bde17c7d258b14d37187f942a3/src/autogen_airwin/BuildATPDFProc.cpp,RESEARCH_CANDIDATE_NOT_INTEGRATED_NOT_BENCHMARKED,9b871163678d26bde17c7d258b14d37187f942a3
BussColors4,Tone Color,https://github.com/baconpaul/airwin2rack/blob/9b871163678d26bde17c7d258b14d37187f942a3/src/autogen_airwin/BussColors4Proc.cpp,RESEARCH_CANDIDATE_NOT_INTEGRATED_NOT_BENCHMARKED,9b871163678d26bde17c7d258b14d37187f942a3
ButterComp,Dynamics,https://github.com/baconpaul/airwin2rack/blob/9b871163678d26bde17c7d258b14d37187f942a3/src/autogen_airwin/ButterCompProc.cpp,RESEARCH_CANDIDATE_NOT_INTEGRATED_NOT_BENCHMARKED,9b871163678d26bde17c7d258b14d37187f942a3
ButterComp2,Dynamics,https://github.com/baconpaul/airwin2rack/blob/9b871163678d26bde17c7d258b14d37187f942a3/src/autogen_airwin/ButterComp2Proc.cpp,RESEARCH_CANDIDATE_NOT_INTEGRATED_NOT_BENCHMARKED,9b871163678d26bde17c7d258b14d37187f942a3
C5RawBuss,Consoles,https://github.com/baconpaul/airwin2rack/blob/9b871163678d26bde17c7d258b14d37187f942a3/src/autogen_airwin/C5RawBussProc.cpp,RESEARCH_CANDIDATE_NOT_INTEGRATED_NOT_BENCHMARKED,9b871163678d26bde17c7d258b14d37187f942a3
C5RawChannel,Consoles,https://github.com/baconpaul/airwin2rack/blob/9b871163678d26bde17c7d258b14d37187f942a3/src/autogen_airwin/C5RawChannelProc.cpp,RESEARCH_CANDIDATE_NOT_INTEGRATED_NOT_BENCHMARKED,9b871163678d26bde17c7d258b14d37187f942a3
CStrip,Unclassified,https://github.com/baconpaul/airwin2rack/blob/9b871163678d26bde17c7d258b14d37187f942a3/src/autogen_airwin/CStripProc.cpp,RESEARCH_CANDIDATE_NOT_INTEGRATED_NOT_BENCHMARKED,9b871163678d26bde17c7d258b14d37187f942a3
CStrip2,Filter,https://github.com/baconpaul/airwin2rack/blob/9b871163678d26bde17c7d258b14d37187f942a3/src/autogen_airwin/CStrip2Proc.cpp,RESEARCH_CANDIDATE_NOT_INTEGRATED_NOT_BENCHMARKED,9b871163678d26bde17c7d258b14d37187f942a3
Cabs,Amp Sims,https://github.com/baconpaul/airwin2rack/blob/9b871163678d26bde17c7d258b14d37187f942a3/src/autogen_airwin/CabsProc.cpp,RESEARCH_CANDIDATE_NOT_INTEGRATED_NOT_BENCHMARKED,9b871163678d26bde17c7d258b14d37187f942a3
Cabs2,Amp Sims,https://github.com/baconpaul/airwin2rack/blob/9b871163678d26bde17c7d258b14d37187f942a3/src/autogen_airwin/Cabs2Proc.cpp,RESEARCH_CANDIDATE_NOT_INTEGRATED_NOT_BENCHMARKED,9b871163678d26bde17c7d258b14d37187f942a3
Calibre,Tone Color,https://github.com/baconpaul/airwin2rack/blob/9b871163678d26bde17c7d258b14d37187f942a3/src/autogen_airwin/CalibreProc.cpp,RESEARCH_CANDIDATE_NOT_INTEGRATED_NOT_BENCHMARKED,9b871163678d26bde17c7d258b14d37187f942a3
Cans,Utility,https://github.com/baconpaul/airwin2rack/blob/9b871163678d26bde17c7d258b14d37187f942a3/src/autogen_airwin/CansProc.cpp,RESEARCH_CANDIDATE_NOT_INTEGRATED_NOT_BENCHMARKED,9b871163678d26bde17c7d258b14d37187f942a3
CansAW,Utility,https://github.com/baconpaul/airwin2rack/blob/9b871163678d26bde17c7d258b14d37187f942a3/src/autogen_airwin/CansAWProc.cpp,RESEARCH_CANDIDATE_NOT_INTEGRATED_NOT_BENCHMARKED,9b871163678d26bde17c7d258b14d37187f942a3
Capacitor,Filter,https://github.com/baconpaul/airwin2rack/blob/9b871163678d26bde17c7d258b14d37187f942a3/src/autogen_airwin/CapacitorProc.cpp,RESEARCH_CANDIDATE_NOT_INTEGRATED_NOT_BENCHMARKED,9b871163678d26bde17c7d258b14d37187f942a3
Capacitor2,Filter,https://github.com/baconpaul/airwin2rack/blob/9b871163678d26bde17c7d258b14d37187f942a3/src/autogen_airwin/Capacitor2Proc.cpp,RESEARCH_CANDIDATE_NOT_INTEGRATED_NOT_BENCHMARKED,9b871163678d26bde17c7d258b14d37187f942a3
Chamber,Reverb,https://github.com/baconpaul/airwin2rack/blob/9b871163678d26bde17c7d258b14d37187f942a3/src/autogen_airwin/ChamberProc.cpp,RESEARCH_CANDIDATE_NOT_INTEGRATED_NOT_BENCHMARKED,9b871163678d26bde17c7d258b14d37187f942a3
Chamber2,Reverb,https://github.com/baconpaul/airwin2rack/blob/9b871163678d26bde17c7d258b14d37187f942a3/src/autogen_airwin/Chamber2Proc.cpp,RESEARCH_CANDIDATE_NOT_INTEGRATED_NOT_BENCHMARKED,9b871163678d26bde17c7d258b14d37187f942a3
Channel4,Tone Color,https://github.com/baconpaul/airwin2rack/blob/9b871163678d26bde17c7d258b14d37187f942a3/src/autogen_airwin/Channel4Proc.cpp,RESEARCH_CANDIDATE_NOT_INTEGRATED_NOT_BENCHMARKED,9b871163678d26bde17c7d258b14d37187f942a3
Channel5,Tone Color,https://github.com/baconpaul/airwin2rack/blob/9b871163678d26bde17c7d258b14d37187f942a3/src/autogen_airwin/Channel5Proc.cpp,RESEARCH_CANDIDATE_NOT_INTEGRATED_NOT_BENCHMARKED,9b871163678d26bde17c7d258b14d37187f942a3
Channel6,Tone Color,https://github.com/baconpaul/airwin2rack/blob/9b871163678d26bde17c7d258b14d37187f942a3/src/autogen_airwin/Channel6Proc.cpp,RESEARCH_CANDIDATE_NOT_INTEGRATED_NOT_BENCHMARKED,9b871163678d26bde17c7d258b14d37187f942a3
Channel7,Tone Color,https://github.com/baconpaul/airwin2rack/blob/9b871163678d26bde17c7d258b14d37187f942a3/src/autogen_airwin/Channel7Proc.cpp,RESEARCH_CANDIDATE_NOT_INTEGRATED_NOT_BENCHMARKED,9b871163678d26bde17c7d258b14d37187f942a3
Channel8,Tone Color,https://github.com/baconpaul/airwin2rack/blob/9b871163678d26bde17c7d258b14d37187f942a3/src/autogen_airwin/Channel8Proc.cpp,RESEARCH_CANDIDATE_NOT_INTEGRATED_NOT_BENCHMARKED,9b871163678d26bde17c7d258b14d37187f942a3
Channel9,Tone Color,https://github.com/baconpaul/airwin2rack/blob/9b871163678d26bde17c7d258b14d37187f942a3/src/autogen_airwin/Channel9Proc.cpp,RESEARCH_CANDIDATE_NOT_INTEGRATED_NOT_BENCHMARKED,9b871163678d26bde17c7d258b14d37187f942a3
ChannelX,Tone Color,https://github.com/baconpaul/airwin2rack/blob/9b871163678d26bde17c7d258b14d37187f942a3/src/autogen_airwin/ChannelXProc.cpp,RESEARCH_CANDIDATE_NOT_INTEGRATED_NOT_BENCHMARKED,9b871163678d26bde17c7d258b14d37187f942a3
ChimeyDeluxe,Amp Sims,https://github.com/baconpaul/airwin2rack/blob/9b871163678d26bde17c7d258b14d37187f942a3/src/autogen_airwin/ChimeyDeluxeProc.cpp,RESEARCH_CANDIDATE_NOT_INTEGRATED_NOT_BENCHMARKED,9b871163678d26bde17c7d258b14d37187f942a3
ChimeyGuitar,Amp Sims,https://github.com/baconpaul/airwin2rack/blob/9b871163678d26bde17c7d258b14d37187f942a3/src/autogen_airwin/ChimeyGuitarProc.cpp,RESEARCH_CANDIDATE_NOT_INTEGRATED_NOT_BENCHMARKED,9b871163678d26bde17c7d258b14d37187f942a3
ChimeyGuitar2,Amp Sims,https://github.com/baconpaul/airwin2rack/blob/9b871163678d26bde17c7d258b14d37187f942a3/src/autogen_airwin/ChimeyGuitar2Proc.cpp,RESEARCH_CANDIDATE_NOT_INTEGRATED_NOT_BENCHMARKED,9b871163678d26bde17c7d258b14d37187f942a3
Chorus,Ambience,https://github.com/baconpaul/airwin2rack/blob/9b871163678d26bde17c7d258b14d37187f942a3/src/autogen_airwin/ChorusProc.cpp,RESEARCH_CANDIDATE_NOT_INTEGRATED_NOT_BENCHMARKED,9b871163678d26bde17c7d258b14d37187f942a3
ChorusEnsemble,Ambience,https://github.com/baconpaul/airwin2rack/blob/9b871163678d26bde17c7d258b14d37187f942a3/src/autogen_airwin/ChorusEnsembleProc.cpp,RESEARCH_CANDIDATE_NOT_INTEGRATED_NOT_BENCHMARKED,9b871163678d26bde17c7d258b14d37187f942a3
ChromeOxide,Lo-Fi,https://github.com/baconpaul/airwin2rack/blob/9b871163678d26bde17c7d258b14d37187f942a3/src/autogen_airwin/ChromeOxideProc.cpp,RESEARCH_CANDIDATE_NOT_INTEGRATED_NOT_BENCHMARKED,9b871163678d26bde17c7d258b14d37187f942a3
Cider,Tone Color,https://github.com/baconpaul/airwin2rack/blob/9b871163678d26bde17c7d258b14d37187f942a3/src/autogen_airwin/CiderProc.cpp,RESEARCH_CANDIDATE_NOT_INTEGRATED_NOT_BENCHMARKED,9b871163678d26bde17c7d258b14d37187f942a3
ClearCoat,Ambience,https://github.com/baconpaul/airwin2rack/blob/9b871163678d26bde17c7d258b14d37187f942a3/src/autogen_airwin/ClearCoatProc.cpp,RESEARCH_CANDIDATE_NOT_INTEGRATED_NOT_BENCHMARKED,9b871163678d26bde17c7d258b14d37187f942a3
ClipOnly2,Clipping,https://github.com/baconpaul/airwin2rack/blob/9b871163678d26bde17c7d258b14d37187f942a3/src/autogen_airwin/ClipOnly2Proc.cpp,RESEARCH_CANDIDATE_NOT_INTEGRATED_NOT_BENCHMARKED,9b871163678d26bde17c7d258b14d37187f942a3
ClipOnly3,Clipping,https://github.com/baconpaul/airwin2rack/blob/9b871163678d26bde17c7d258b14d37187f942a3/src/autogen_airwin/ClipOnly3Proc.cpp,RESEARCH_CANDIDATE_NOT_INTEGRATED_NOT_BENCHMARKED,9b871163678d26bde17c7d258b14d37187f942a3
ClipSoftly,Clipping,https://github.com/baconpaul/airwin2rack/blob/9b871163678d26bde17c7d258b14d37187f942a3/src/autogen_airwin/ClipSoftlyProc.cpp,RESEARCH_CANDIDATE_NOT_INTEGRATED_NOT_BENCHMARKED,9b871163678d26bde17c7d258b14d37187f942a3
CloudCoat,Effects,https://github.com/baconpaul/airwin2rack/blob/9b871163678d26bde17c7d258b14d37187f942a3/src/autogen_airwin/CloudCoatProc.cpp,RESEARCH_CANDIDATE_NOT_INTEGRATED_NOT_BENCHMARKED,9b871163678d26bde17c7d258b14d37187f942a3
Coils,Subtlety,https://github.com/baconpaul/airwin2rack/blob/9b871163678d26bde17c7d258b14d37187f942a3/src/autogen_airwin/CoilsProc.cpp,RESEARCH_CANDIDATE_NOT_INTEGRATED_NOT_BENCHMARKED,9b871163678d26bde17c7d258b14d37187f942a3
Coils2,Subtlety,https://github.com/baconpaul/airwin2rack/blob/9b871163678d26bde17c7d258b14d37187f942a3/src/autogen_airwin/Coils2Proc.cpp,RESEARCH_CANDIDATE_NOT_INTEGRATED_NOT_BENCHMARKED,9b871163678d26bde17c7d258b14d37187f942a3
Cojones,Lo-Fi,https://github.com/baconpaul/airwin2rack/blob/9b871163678d26bde17c7d258b14d37187f942a3/src/autogen_airwin/CojonesProc.cpp,RESEARCH_CANDIDATE_NOT_INTEGRATED_NOT_BENCHMARKED,9b871163678d26bde17c7d258b14d37187f942a3
Compresaturator,Dynamics,https://github.com/baconpaul/airwin2rack/blob/9b871163678d26bde17c7d258b14d37187f942a3/src/autogen_airwin/CompresaturatorProc.cpp,RESEARCH_CANDIDATE_NOT_INTEGRATED_NOT_BENCHMARKED,9b871163678d26bde17c7d258b14d37187f942a3
Console0Buss,Consoles,https://github.com/baconpaul/airwin2rack/blob/9b871163678d26bde17c7d258b14d37187f942a3/src/autogen_airwin/Console0BussProc.cpp,RESEARCH_CANDIDATE_NOT_INTEGRATED_NOT_BENCHMARKED,9b871163678d26bde17c7d258b14d37187f942a3
Console0Channel,Consoles,https://github.com/baconpaul/airwin2rack/blob/9b871163678d26bde17c7d258b14d37187f942a3/src/autogen_airwin/Console0ChannelProc.cpp,RESEARCH_CANDIDATE_NOT_INTEGRATED_NOT_BENCHMARKED,9b871163678d26bde17c7d258b14d37187f942a3
Console4Buss,Consoles,https://github.com/baconpaul/airwin2rack/blob/9b871163678d26bde17c7d258b14d37187f942a3/src/autogen_airwin/Console4BussProc.cpp,RESEARCH_CANDIDATE_NOT_INTEGRATED_NOT_BENCHMARKED,9b871163678d26bde17c7d258b14d37187f942a3
Console4Channel,Consoles,https://github.com/baconpaul/airwin2rack/blob/9b871163678d26bde17c7d258b14d37187f942a3/src/autogen_airwin/Console4ChannelProc.cpp,RESEARCH_CANDIDATE_NOT_INTEGRATED_NOT_BENCHMARKED,9b871163678d26bde17c7d258b14d37187f942a3
Console5Buss,Consoles,https://github.com/baconpaul/airwin2rack/blob/9b871163678d26bde17c7d258b14d37187f942a3/src/autogen_airwin/Console5BussProc.cpp,RESEARCH_CANDIDATE_NOT_INTEGRATED_NOT_BENCHMARKED,9b871163678d26bde17c7d258b14d37187f942a3
Console5Channel,Consoles,https://github.com/baconpaul/airwin2rack/blob/9b871163678d26bde17c7d258b14d37187f942a3/src/autogen_airwin/Console5ChannelProc.cpp,RESEARCH_CANDIDATE_NOT_INTEGRATED_NOT_BENCHMARKED,9b871163678d26bde17c7d258b14d37187f942a3
Console5DarkCh,Consoles,https://github.com/baconpaul/airwin2rack/blob/9b871163678d26bde17c7d258b14d37187f942a3/src/autogen_airwin/Console5DarkChProc.cpp,RESEARCH_CANDIDATE_NOT_INTEGRATED_NOT_BENCHMARKED,9b871163678d26bde17c7d258b14d37187f942a3
Console6Buss,Consoles,https://github.com/baconpaul/airwin2rack/blob/9b871163678d26bde17c7d258b14d37187f942a3/src/autogen_airwin/Console6BussProc.cpp,RESEARCH_CANDIDATE_NOT_INTEGRATED_NOT_BENCHMARKED,9b871163678d26bde17c7d258b14d37187f942a3
Console6Channel,Consoles,https://github.com/baconpaul/airwin2rack/blob/9b871163678d26bde17c7d258b14d37187f942a3/src/autogen_airwin/Console6ChannelProc.cpp,RESEARCH_CANDIDATE_NOT_INTEGRATED_NOT_BENCHMARKED,9b871163678d26bde17c7d258b14d37187f942a3
Console7Buss,Consoles,https://github.com/baconpaul/airwin2rack/blob/9b871163678d26bde17c7d258b14d37187f942a3/src/autogen_airwin/Console7BussProc.cpp,RESEARCH_CANDIDATE_NOT_INTEGRATED_NOT_BENCHMARKED,9b871163678d26bde17c7d258b14d37187f942a3
Console7Cascade,Consoles,https://github.com/baconpaul/airwin2rack/blob/9b871163678d26bde17c7d258b14d37187f942a3/src/autogen_airwin/Console7CascadeProc.cpp,RESEARCH_CANDIDATE_NOT_INTEGRATED_NOT_BENCHMARKED,9b871163678d26bde17c7d258b14d37187f942a3
Console7Channel,Consoles,https://github.com/baconpaul/airwin2rack/blob/9b871163678d26bde17c7d258b14d37187f942a3/src/autogen_airwin/Console7ChannelProc.cpp,RESEARCH_CANDIDATE_NOT_INTEGRATED_NOT_BENCHMARKED,9b871163678d26bde17c7d258b14d37187f942a3
Console7Crunch,Consoles,https://github.com/baconpaul/airwin2rack/blob/9b871163678d26bde17c7d258b14d37187f942a3/src/autogen_airwin/Console7CrunchProc.cpp,RESEARCH_CANDIDATE_NOT_INTEGRATED_NOT_BENCHMARKED,9b871163678d26bde17c7d258b14d37187f942a3
Console8BussHype,Consoles,https://github.com/baconpaul/airwin2rack/blob/9b871163678d26bde17c7d258b14d37187f942a3/src/autogen_airwin/Console8BussHypeProc.cpp,RESEARCH_CANDIDATE_NOT_INTEGRATED_NOT_BENCHMARKED,9b871163678d26bde17c7d258b14d37187f942a3
Console8BussIn,Consoles,https://github.com/baconpaul/airwin2rack/blob/9b871163678d26bde17c7d258b14d37187f942a3/src/autogen_airwin/Console8BussInProc.cpp,RESEARCH_CANDIDATE_NOT_INTEGRATED_NOT_BENCHMARKED,9b871163678d26bde17c7d258b14d37187f942a3
Console8BussOut,Consoles,https://github.com/baconpaul/airwin2rack/blob/9b871163678d26bde17c7d258b14d37187f942a3/src/autogen_airwin/Console8BussOutProc.cpp,RESEARCH_CANDIDATE_NOT_INTEGRATED_NOT_BENCHMARKED,9b871163678d26bde17c7d258b14d37187f942a3
Console8ChannelHype,Consoles,https://github.com/baconpaul/airwin2rack/blob/9b871163678d26bde17c7d258b14d37187f942a3/src/autogen_airwin/Console8ChannelHypeProc.cpp,RESEARCH_CANDIDATE_NOT_INTEGRATED_NOT_BENCHMARKED,9b871163678d26bde17c7d258b14d37187f942a3
Console8ChannelIn,Consoles,https://github.com/baconpaul/airwin2rack/blob/9b871163678d26bde17c7d258b14d37187f942a3/src/autogen_airwin/Console8ChannelInProc.cpp,RESEARCH_CANDIDATE_NOT_INTEGRATED_NOT_BENCHMARKED,9b871163678d26bde17c7d258b14d37187f942a3
Console8ChannelOut,Consoles,https://github.com/baconpaul/airwin2rack/blob/9b871163678d26bde17c7d258b14d37187f942a3/src/autogen_airwin/Console8ChannelOutProc.cpp,RESEARCH_CANDIDATE_NOT_INTEGRATED_NOT_BENCHMARKED,9b871163678d26bde17c7d258b14d37187f942a3
Console8LiteBuss,Consoles,https://github.com/baconpaul/airwin2rack/blob/9b871163678d26bde17c7d258b14d37187f942a3/src/autogen_airwin/Console8LiteBussProc.cpp,RESEARCH_CANDIDATE_NOT_INTEGRATED_NOT_BENCHMARKED,9b871163678d26bde17c7d258b14d37187f942a3
Console8LiteChannel,Consoles,https://github.com/baconpaul/airwin2rack/blob/9b871163678d26bde17c7d258b14d37187f942a3/src/autogen_airwin/Console8LiteChannelProc.cpp,RESEARCH_CANDIDATE_NOT_INTEGRATED_NOT_BENCHMARKED,9b871163678d26bde17c7d258b14d37187f942a3
Console8SubHype,Consoles,https://github.com/baconpaul/airwin2rack/blob/9b871163678d26bde17c7d258b14d37187f942a3/src/autogen_airwin/Console8SubHypeProc.cpp,RESEARCH_CANDIDATE_NOT_INTEGRATED_NOT_BENCHMARKED,9b871163678d26bde17c7d258b14d37187f942a3
Console8SubIn,Consoles,https://github.com/baconpaul/airwin2rack/blob/9b871163678d26bde17c7d258b14d37187f942a3/src/autogen_airwin/Console8SubInProc.cpp,RESEARCH_CANDIDATE_NOT_INTEGRATED_NOT_BENCHMARKED,9b871163678d26bde17c7d258b14d37187f942a3
Console8SubOut,Consoles,https://github.com/baconpaul/airwin2rack/blob/9b871163678d26bde17c7d258b14d37187f942a3/src/autogen_airwin/Console8SubOutProc.cpp,RESEARCH_CANDIDATE_NOT_INTEGRATED_NOT_BENCHMARKED,9b871163678d26bde17c7d258b14d37187f942a3
Console9Buss,Consoles,https://github.com/baconpaul/airwin2rack/blob/9b871163678d26bde17c7d258b14d37187f942a3/src/autogen_airwin/Console9BussProc.cpp,RESEARCH_CANDIDATE_NOT_INTEGRATED_NOT_BENCHMARKED,9b871163678d26bde17c7d258b14d37187f942a3
Console9Channel,Consoles,https://github.com/baconpaul/airwin2rack/blob/9b871163678d26bde17c7d258b14d37187f942a3/src/autogen_airwin/Console9ChannelProc.cpp,RESEARCH_CANDIDATE_NOT_INTEGRATED_NOT_BENCHMARKED,9b871163678d26bde17c7d258b14d37187f942a3
ConsoleHBuss,Unclassified,https://github.com/baconpaul/airwin2rack/blob/9b871163678d26bde17c7d258b14d37187f942a3/src/autogen_airwin/ConsoleHBussProc.cpp,RESEARCH_CANDIDATE_NOT_INTEGRATED_NOT_BENCHMARKED,9b871163678d26bde17c7d258b14d37187f942a3
ConsoleHChannel,Unclassified,https://github.com/baconpaul/airwin2rack/blob/9b871163678d26bde17c7d258b14d37187f942a3/src/autogen_airwin/ConsoleHChannelProc.cpp,RESEARCH_CANDIDATE_NOT_INTEGRATED_NOT_BENCHMARKED,9b871163678d26bde17c7d258b14d37187f942a3
ConsoleHPre,Unclassified,https://github.com/baconpaul/airwin2rack/blob/9b871163678d26bde17c7d258b14d37187f942a3/src/autogen_airwin/ConsoleHPreProc.cpp,RESEARCH_CANDIDATE_NOT_INTEGRATED_NOT_BENCHMARKED,9b871163678d26bde17c7d258b14d37187f942a3
ConsoleLABuss,Consoles,https://github.com/baconpaul/airwin2rack/blob/9b871163678d26bde17c7d258b14d37187f942a3/src/autogen_airwin/ConsoleLABussProc.cpp,RESEARCH_CANDIDATE_NOT_INTEGRATED_NOT_BENCHMARKED,9b871163678d26bde17c7d258b14d37187f942a3
ConsoleLAChannel,Consoles,https://github.com/baconpaul/airwin2rack/blob/9b871163678d26bde17c7d258b14d37187f942a3/src/autogen_airwin/ConsoleLAChannelProc.cpp,RESEARCH_CANDIDATE_NOT_INTEGRATED_NOT_BENCHMARKED,9b871163678d26bde17c7d258b14d37187f942a3
ConsoleMCBuss,Consoles,https://github.com/baconpaul/airwin2rack/blob/9b871163678d26bde17c7d258b14d37187f942a3/src/autogen_airwin/ConsoleMCBussProc.cpp,RESEARCH_CANDIDATE_NOT_INTEGRATED_NOT_BENCHMARKED,9b871163678d26bde17c7d258b14d37187f942a3
ConsoleMCChannel,Consoles,https://github.com/baconpaul/airwin2rack/blob/9b871163678d26bde17c7d258b14d37187f942a3/src/autogen_airwin/ConsoleMCChannelProc.cpp,RESEARCH_CANDIDATE_NOT_INTEGRATED_NOT_BENCHMARKED,9b871163678d26bde17c7d258b14d37187f942a3
ConsoleMDBuss,Consoles,https://github.com/baconpaul/airwin2rack/blob/9b871163678d26bde17c7d258b14d37187f942a3/src/autogen_airwin/ConsoleMDBussProc.cpp,RESEARCH_CANDIDATE_NOT_INTEGRATED_NOT_BENCHMARKED,9b871163678d26bde17c7d258b14d37187f942a3
ConsoleMDChannel,Consoles,https://github.com/baconpaul/airwin2rack/blob/9b871163678d26bde17c7d258b14d37187f942a3/src/autogen_airwin/ConsoleMDChannelProc.cpp,RESEARCH_CANDIDATE_NOT_INTEGRATED_NOT_BENCHMARKED,9b871163678d26bde17c7d258b14d37187f942a3
ConsoleX2Buss,Unclassified,https://github.com/baconpaul/airwin2rack/blob/9b871163678d26bde17c7d258b14d37187f942a3/src/autogen_airwin/ConsoleX2BussProc.cpp,RESEARCH_CANDIDATE_NOT_INTEGRATED_NOT_BENCHMARKED,9b871163678d26bde17c7d258b14d37187f942a3
ConsoleX2Channel,Unclassified,https://github.com/baconpaul/airwin2rack/blob/9b871163678d26bde17c7d258b14d37187f942a3/src/autogen_airwin/ConsoleX2ChannelProc.cpp,RESEARCH_CANDIDATE_NOT_INTEGRATED_NOT_BENCHMARKED,9b871163678d26bde17c7d258b14d37187f942a3
ConsoleX2Pre,Unclassified,https://github.com/baconpaul/airwin2rack/blob/9b871163678d26bde17c7d258b14d37187f942a3/src/autogen_airwin/ConsoleX2PreProc.cpp,RESEARCH_CANDIDATE_NOT_INTEGRATED_NOT_BENCHMARKED,9b871163678d26bde17c7d258b14d37187f942a3
ConsoleX3,Unclassified,https://github.com/baconpaul/airwin2rack/blob/9b871163678d26bde17c7d258b14d37187f942a3/src/autogen_airwin/ConsoleX3Proc.cpp,RESEARCH_CANDIDATE_NOT_INTEGRATED_NOT_BENCHMARKED,9b871163678d26bde17c7d258b14d37187f942a3
ConsoleXBuss,Unclassified,https://github.com/baconpaul/airwin2rack/blob/9b871163678d26bde17c7d258b14d37187f942a3/src/autogen_airwin/ConsoleXBussProc.cpp,RESEARCH_CANDIDATE_NOT_INTEGRATED_NOT_BENCHMARKED,9b871163678d26bde17c7d258b14d37187f942a3
ConsoleXChannel,Unclassified,https://github.com/baconpaul/airwin2rack/blob/9b871163678d26bde17c7d258b14d37187f942a3/src/autogen_airwin/ConsoleXChannelProc.cpp,RESEARCH_CANDIDATE_NOT_INTEGRATED_NOT_BENCHMARKED,9b871163678d26bde17c7d258b14d37187f942a3
ConsoleXPre,Unclassified,https://github.com/baconpaul/airwin2rack/blob/9b871163678d26bde17c7d258b14d37187f942a3/src/autogen_airwin/ConsoleXPreProc.cpp,RESEARCH_CANDIDATE_NOT_INTEGRATED_NOT_BENCHMARKED,9b871163678d26bde17c7d258b14d37187f942a3
ContentHideD,Utility,https://github.com/baconpaul/airwin2rack/blob/9b871163678d26bde17c7d258b14d37187f942a3/src/autogen_airwin/ContentHideDProc.cpp,RESEARCH_CANDIDATE_NOT_INTEGRATED_NOT_BENCHMARKED,9b871163678d26bde17c7d258b14d37187f942a3
CreamCoat,Reverb,https://github.com/baconpaul/airwin2rack/blob/9b871163678d26bde17c7d258b14d37187f942a3/src/autogen_airwin/CreamCoatProc.cpp,RESEARCH_CANDIDATE_NOT_INTEGRATED_NOT_BENCHMARKED,9b871163678d26bde17c7d258b14d37187f942a3
Creature,Saturation,https://github.com/baconpaul/airwin2rack/blob/9b871163678d26bde17c7d258b14d37187f942a3/src/autogen_airwin/CreatureProc.cpp,RESEARCH_CANDIDATE_NOT_INTEGRATED_NOT_BENCHMARKED,9b871163678d26bde17c7d258b14d37187f942a3
CrickBass,Amp Sims,https://github.com/baconpaul/airwin2rack/blob/9b871163678d26bde17c7d258b14d37187f942a3/src/autogen_airwin/CrickBassProc.cpp,RESEARCH_CANDIDATE_NOT_INTEGRATED_NOT_BENCHMARKED,9b871163678d26bde17c7d258b14d37187f942a3
CrunchCoat,Reverb,https://github.com/baconpaul/airwin2rack/blob/9b871163678d26bde17c7d258b14d37187f942a3/src/autogen_airwin/CrunchCoatProc.cpp,RESEARCH_CANDIDATE_NOT_INTEGRATED_NOT_BENCHMARKED,9b871163678d26bde17c7d258b14d37187f942a3
CrunchyGrooveWear,Lo-Fi,https://github.com/baconpaul/airwin2rack/blob/9b871163678d26bde17c7d258b14d37187f942a3/src/autogen_airwin/CrunchyGrooveWearProc.cpp,RESEARCH_CANDIDATE_NOT_INTEGRATED_NOT_BENCHMARKED,9b871163678d26bde17c7d258b14d37187f942a3
Crystal,Tone Color,https://github.com/baconpaul/airwin2rack/blob/9b871163678d26bde17c7d258b14d37187f942a3/src/autogen_airwin/CrystalProc.cpp,RESEARCH_CANDIDATE_NOT_INTEGRATED_NOT_BENCHMARKED,9b871163678d26bde17c7d258b14d37187f942a3
DCVoltage,Utility,https://github.com/baconpaul/airwin2rack/blob/9b871163678d26bde17c7d258b14d37187f942a3/src/autogen_airwin/DCVoltageProc.cpp,RESEARCH_CANDIDATE_NOT_INTEGRATED_NOT_BENCHMARKED,9b871163678d26bde17c7d258b14d37187f942a3
Dark,Dithers,https://github.com/baconpaul/airwin2rack/blob/9b871163678d26bde17c7d258b14d37187f942a3/src/autogen_airwin/DarkProc.cpp,RESEARCH_CANDIDATE_NOT_INTEGRATED_NOT_BENCHMARKED,9b871163678d26bde17c7d258b14d37187f942a3
DarkNoise,Noise,https://github.com/baconpaul/airwin2rack/blob/9b871163678d26bde17c7d258b14d37187f942a3/src/autogen_airwin/DarkNoiseProc.cpp,RESEARCH_CANDIDATE_NOT_INTEGRATED_NOT_BENCHMARKED,9b871163678d26bde17c7d258b14d37187f942a3
Dattorro,Filter,https://github.com/baconpaul/airwin2rack/blob/9b871163678d26bde17c7d258b14d37187f942a3/src/autogen_airwin/DattorroProc.cpp,RESEARCH_CANDIDATE_NOT_INTEGRATED_NOT_BENCHMARKED,9b871163678d26bde17c7d258b14d37187f942a3
DeBess,Brightness,https://github.com/baconpaul/airwin2rack/blob/9b871163678d26bde17c7d258b14d37187f942a3/src/autogen_airwin/DeBessProc.cpp,RESEARCH_CANDIDATE_NOT_INTEGRATED_NOT_BENCHMARKED,9b871163678d26bde17c7d258b14d37187f942a3
DeBez,Lo-Fi,https://github.com/baconpaul/airwin2rack/blob/9b871163678d26bde17c7d258b14d37187f942a3/src/autogen_airwin/DeBezProc.cpp,RESEARCH_CANDIDATE_NOT_INTEGRATED_NOT_BENCHMARKED,9b871163678d26bde17c7d258b14d37187f942a3
DeCrackle,Utility,https://github.com/baconpaul/airwin2rack/blob/9b871163678d26bde17c7d258b14d37187f942a3/src/autogen_airwin/DeCrackleProc.cpp,RESEARCH_CANDIDATE_NOT_INTEGRATED_NOT_BENCHMARKED,9b871163678d26bde17c7d258b14d37187f942a3
DeEss,Brightness,https://github.com/baconpaul/airwin2rack/blob/9b871163678d26bde17c7d258b14d37187f942a3/src/autogen_airwin/DeEssProc.cpp,RESEARCH_CANDIDATE_NOT_INTEGRATED_NOT_BENCHMARKED,9b871163678d26bde17c7d258b14d37187f942a3
DeHiss,Brightness,https://github.com/baconpaul/airwin2rack/blob/9b871163678d26bde17c7d258b14d37187f942a3/src/autogen_airwin/DeHissProc.cpp,RESEARCH_CANDIDATE_NOT_INTEGRATED_NOT_BENCHMARKED,9b871163678d26bde17c7d258b14d37187f942a3
DeNoise,Noise,https://github.com/baconpaul/airwin2rack/blob/9b871163678d26bde17c7d258b14d37187f942a3/src/autogen_airwin/DeNoiseProc.cpp,RESEARCH_CANDIDATE_NOT_INTEGRATED_NOT_BENCHMARKED,9b871163678d26bde17c7d258b14d37187f942a3
DeRez,Lo-Fi,https://github.com/baconpaul/airwin2rack/blob/9b871163678d26bde17c7d258b14d37187f942a3/src/autogen_airwin/DeRezProc.cpp,RESEARCH_CANDIDATE_NOT_INTEGRATED_NOT_BENCHMARKED,9b871163678d26bde17c7d258b14d37187f942a3
DeRez2,Lo-Fi,https://github.com/baconpaul/airwin2rack/blob/9b871163678d26bde17c7d258b14d37187f942a3/src/autogen_airwin/DeRez2Proc.cpp,RESEARCH_CANDIDATE_NOT_INTEGRATED_NOT_BENCHMARKED,9b871163678d26bde17c7d258b14d37187f942a3
DeRez3,Lo-Fi,https://github.com/baconpaul/airwin2rack/blob/9b871163678d26bde17c7d258b14d37187f942a3/src/autogen_airwin/DeRez3Proc.cpp,RESEARCH_CANDIDATE_NOT_INTEGRATED_NOT_BENCHMARKED,9b871163678d26bde17c7d258b14d37187f942a3
DeRez4,Lo-Fi,https://github.com/baconpaul/airwin2rack/blob/9b871163678d26bde17c7d258b14d37187f942a3/src/autogen_airwin/DeRez4Proc.cpp,RESEARCH_CANDIDATE_NOT_INTEGRATED_NOT_BENCHMARKED,9b871163678d26bde17c7d258b14d37187f942a3
DeRez5,Unclassified,https://github.com/baconpaul/airwin2rack/blob/9b871163678d26bde17c7d258b14d37187f942a3/src/autogen_airwin/DeRez5Proc.cpp,RESEARCH_CANDIDATE_NOT_INTEGRATED_NOT_BENCHMARKED,9b871163678d26bde17c7d258b14d37187f942a3
Deckwrecka,Lo-Fi,https://github.com/baconpaul/airwin2rack/blob/9b871163678d26bde17c7d258b14d37187f942a3/src/autogen_airwin/DeckwreckaProc.cpp,RESEARCH_CANDIDATE_NOT_INTEGRATED_NOT_BENCHMARKED,9b871163678d26bde17c7d258b14d37187f942a3
Density,Distortion,https://github.com/baconpaul/airwin2rack/blob/9b871163678d26bde17c7d258b14d37187f942a3/src/autogen_airwin/DensityProc.cpp,RESEARCH_CANDIDATE_NOT_INTEGRATED_NOT_BENCHMARKED,9b871163678d26bde17c7d258b14d37187f942a3
Density2,Distortion,https://github.com/baconpaul/airwin2rack/blob/9b871163678d26bde17c7d258b14d37187f942a3/src/autogen_airwin/Density2Proc.cpp,RESEARCH_CANDIDATE_NOT_INTEGRATED_NOT_BENCHMARKED,9b871163678d26bde17c7d258b14d37187f942a3
Density3,Distortion,https://github.com/baconpaul/airwin2rack/blob/9b871163678d26bde17c7d258b14d37187f942a3/src/autogen_airwin/Density3Proc.cpp,RESEARCH_CANDIDATE_NOT_INTEGRATED_NOT_BENCHMARKED,9b871163678d26bde17c7d258b14d37187f942a3
Desk,Subtlety,https://github.com/baconpaul/airwin2rack/blob/9b871163678d26bde17c7d258b14d37187f942a3/src/autogen_airwin/DeskProc.cpp,RESEARCH_CANDIDATE_NOT_INTEGRATED_NOT_BENCHMARKED,9b871163678d26bde17c7d258b14d37187f942a3
Desk4,Saturation,https://github.com/baconpaul/airwin2rack/blob/9b871163678d26bde17c7d258b14d37187f942a3/src/autogen_airwin/Desk4Proc.cpp,RESEARCH_CANDIDATE_NOT_INTEGRATED_NOT_BENCHMARKED,9b871163678d26bde17c7d258b14d37187f942a3
DigitalBlack,Dynamics,https://github.com/baconpaul/airwin2rack/blob/9b871163678d26bde17c7d258b14d37187f942a3/src/autogen_airwin/DigitalBlackProc.cpp,RESEARCH_CANDIDATE_NOT_INTEGRATED_NOT_BENCHMARKED,9b871163678d26bde17c7d258b14d37187f942a3
Dirt,Distortion,https://github.com/baconpaul/airwin2rack/blob/9b871163678d26bde17c7d258b14d37187f942a3/src/autogen_airwin/DirtProc.cpp,RESEARCH_CANDIDATE_NOT_INTEGRATED_NOT_BENCHMARKED,9b871163678d26bde17c7d258b14d37187f942a3
Discontapeity,Subtlety,https://github.com/baconpaul/airwin2rack/blob/9b871163678d26bde17c7d258b14d37187f942a3/src/autogen_airwin/DiscontapeityProc.cpp,RESEARCH_CANDIDATE_NOT_INTEGRATED_NOT_BENCHMARKED,9b871163678d26bde17c7d258b14d37187f942a3
Discontinuity,Subtlety,https://github.com/baconpaul/airwin2rack/blob/9b871163678d26bde17c7d258b14d37187f942a3/src/autogen_airwin/DiscontinuityProc.cpp,RESEARCH_CANDIDATE_NOT_INTEGRATED_NOT_BENCHMARKED,9b871163678d26bde17c7d258b14d37187f942a3
Disintegrate,Effects,https://github.com/baconpaul/airwin2rack/blob/9b871163678d26bde17c7d258b14d37187f942a3/src/autogen_airwin/DisintegrateProc.cpp,RESEARCH_CANDIDATE_NOT_INTEGRATED_NOT_BENCHMARKED,9b871163678d26bde17c7d258b14d37187f942a3
Distance,Filter,https://github.com/baconpaul/airwin2rack/blob/9b871163678d26bde17c7d258b14d37187f942a3/src/autogen_airwin/DistanceProc.cpp,RESEARCH_CANDIDATE_NOT_INTEGRATED_NOT_BENCHMARKED,9b871163678d26bde17c7d258b14d37187f942a3
Distance2,Filter,https://github.com/baconpaul/airwin2rack/blob/9b871163678d26bde17c7d258b14d37187f942a3/src/autogen_airwin/Distance2Proc.cpp,RESEARCH_CANDIDATE_NOT_INTEGRATED_NOT_BENCHMARKED,9b871163678d26bde17c7d258b14d37187f942a3
Distance3,Filter,https://github.com/baconpaul/airwin2rack/blob/9b871163678d26bde17c7d258b14d37187f942a3/src/autogen_airwin/Distance3Proc.cpp,RESEARCH_CANDIDATE_NOT_INTEGRATED_NOT_BENCHMARKED,9b871163678d26bde17c7d258b14d37187f942a3
Distortion,Distortion,https://github.com/baconpaul/airwin2rack/blob/9b871163678d26bde17c7d258b14d37187f942a3/src/autogen_airwin/DistortionProc.cpp,RESEARCH_CANDIDATE_NOT_INTEGRATED_NOT_BENCHMARKED,9b871163678d26bde17c7d258b14d37187f942a3
DitherFloat,Dithers,https://github.com/baconpaul/airwin2rack/blob/9b871163678d26bde17c7d258b14d37187f942a3/src/autogen_airwin/DitherFloatProc.cpp,RESEARCH_CANDIDATE_NOT_INTEGRATED_NOT_BENCHMARKED,9b871163678d26bde17c7d258b14d37187f942a3
DitherMeDiskers,Dithers,https://github.com/baconpaul/airwin2rack/blob/9b871163678d26bde17c7d258b14d37187f942a3/src/autogen_airwin/DitherMeDiskersProc.cpp,RESEARCH_CANDIDATE_NOT_INTEGRATED_NOT_BENCHMARKED,9b871163678d26bde17c7d258b14d37187f942a3
DitherMeTimbers,Dithers,https://github.com/baconpaul/airwin2rack/blob/9b871163678d26bde17c7d258b14d37187f942a3/src/autogen_airwin/DitherMeTimbersProc.cpp,RESEARCH_CANDIDATE_NOT_INTEGRATED_NOT_BENCHMARKED,9b871163678d26bde17c7d258b14d37187f942a3
Ditherbox,Dithers,https://github.com/baconpaul/airwin2rack/blob/9b871163678d26bde17c7d258b14d37187f942a3/src/autogen_airwin/DitherboxProc.cpp,RESEARCH_CANDIDATE_NOT_INTEGRATED_NOT_BENCHMARKED,9b871163678d26bde17c7d258b14d37187f942a3
Donut,Filter,https://github.com/baconpaul/airwin2rack/blob/9b871163678d26bde17c7d258b14d37187f942a3/src/autogen_airwin/DonutProc.cpp,RESEARCH_CANDIDATE_NOT_INTEGRATED_NOT_BENCHMARKED,9b871163678d26bde17c7d258b14d37187f942a3
DoublePaul,Dithers,https://github.com/baconpaul/airwin2rack/blob/9b871163678d26bde17c7d258b14d37187f942a3/src/autogen_airwin/DoublePaulProc.cpp,RESEARCH_CANDIDATE_NOT_INTEGRATED_NOT_BENCHMARKED,9b871163678d26bde17c7d258b14d37187f942a3
Doublelay,Ambience,https://github.com/baconpaul/airwin2rack/blob/9b871163678d26bde17c7d258b14d37187f942a3/src/autogen_airwin/DoublelayProc.cpp,RESEARCH_CANDIDATE_NOT_INTEGRATED_NOT_BENCHMARKED,9b871163678d26bde17c7d258b14d37187f942a3
Drive,Distortion,https://github.com/baconpaul/airwin2rack/blob/9b871163678d26bde17c7d258b14d37187f942a3/src/autogen_airwin/DriveProc.cpp,RESEARCH_CANDIDATE_NOT_INTEGRATED_NOT_BENCHMARKED,9b871163678d26bde17c7d258b14d37187f942a3
DrumSlam,Dynamics,https://github.com/baconpaul/airwin2rack/blob/9b871163678d26bde17c7d258b14d37187f942a3/src/autogen_airwin/DrumSlamProc.cpp,RESEARCH_CANDIDATE_NOT_INTEGRATED_NOT_BENCHMARKED,9b871163678d26bde17c7d258b14d37187f942a3
DubCenter,Bass,https://github.com/baconpaul/airwin2rack/blob/9b871163678d26bde17c7d258b14d37187f942a3/src/autogen_airwin/DubCenterProc.cpp,RESEARCH_CANDIDATE_NOT_INTEGRATED_NOT_BENCHMARKED,9b871163678d26bde17c7d258b14d37187f942a3
DubPlate,Utility,https://github.com/baconpaul/airwin2rack/blob/9b871163678d26bde17c7d258b14d37187f942a3/src/autogen_airwin/DubPlateProc.cpp,RESEARCH_CANDIDATE_NOT_INTEGRATED_NOT_BENCHMARKED,9b871163678d26bde17c7d258b14d37187f942a3
DubPlate2,Utility,https://github.com/baconpaul/airwin2rack/blob/9b871163678d26bde17c7d258b14d37187f942a3/src/autogen_airwin/DubPlate2Proc.cpp,RESEARCH_CANDIDATE_NOT_INTEGRATED_NOT_BENCHMARKED,9b871163678d26bde17c7d258b14d37187f942a3
DubSub,Bass,https://github.com/baconpaul/airwin2rack/blob/9b871163678d26bde17c7d258b14d37187f942a3/src/autogen_airwin/DubSubProc.cpp,RESEARCH_CANDIDATE_NOT_INTEGRATED_NOT_BENCHMARKED,9b871163678d26bde17c7d258b14d37187f942a3
DubSub2,Bass,https://github.com/baconpaul/airwin2rack/blob/9b871163678d26bde17c7d258b14d37187f942a3/src/autogen_airwin/DubSub2Proc.cpp,RESEARCH_CANDIDATE_NOT_INTEGRATED_NOT_BENCHMARKED,9b871163678d26bde17c7d258b14d37187f942a3
Dubly,Effects,https://github.com/baconpaul/airwin2rack/blob/9b871163678d26bde17c7d258b14d37187f942a3/src/autogen_airwin/DublyProc.cpp,RESEARCH_CANDIDATE_NOT_INTEGRATED_NOT_BENCHMARKED,9b871163678d26bde17c7d258b14d37187f942a3
Dubly2,Effects,https://github.com/baconpaul/airwin2rack/blob/9b871163678d26bde17c7d258b14d37187f942a3/src/autogen_airwin/Dubly2Proc.cpp,RESEARCH_CANDIDATE_NOT_INTEGRATED_NOT_BENCHMARKED,9b871163678d26bde17c7d258b14d37187f942a3
Dubly3,Effects,https://github.com/baconpaul/airwin2rack/blob/9b871163678d26bde17c7d258b14d37187f942a3/src/autogen_airwin/Dubly3Proc.cpp,RESEARCH_CANDIDATE_NOT_INTEGRATED_NOT_BENCHMARKED,9b871163678d26bde17c7d258b14d37187f942a3
DustBunny,Lo-Fi,https://github.com/baconpaul/airwin2rack/blob/9b871163678d26bde17c7d258b14d37187f942a3/src/autogen_airwin/DustBunnyProc.cpp,RESEARCH_CANDIDATE_NOT_INTEGRATED_NOT_BENCHMARKED,9b871163678d26bde17c7d258b14d37187f942a3
Dynamics,Dynamics,https://github.com/baconpaul/airwin2rack/blob/9b871163678d26bde17c7d258b14d37187f942a3/src/autogen_airwin/DynamicsProc.cpp,RESEARCH_CANDIDATE_NOT_INTEGRATED_NOT_BENCHMARKED,9b871163678d26bde17c7d258b14d37187f942a3
Dynamics2,Dynamics,https://github.com/baconpaul/airwin2rack/blob/9b871163678d26bde17c7d258b14d37187f942a3/src/autogen_airwin/Dynamics2Proc.cpp,RESEARCH_CANDIDATE_NOT_INTEGRATED_NOT_BENCHMARKED,9b871163678d26bde17c7d258b14d37187f942a3
Dynamics3,Dynamics,https://github.com/baconpaul/airwin2rack/blob/9b871163678d26bde17c7d258b14d37187f942a3/src/autogen_airwin/Dynamics3Proc.cpp,RESEARCH_CANDIDATE_NOT_INTEGRATED_NOT_BENCHMARKED,9b871163678d26bde17c7d258b14d37187f942a3
Dyno,Saturation,https://github.com/baconpaul/airwin2rack/blob/9b871163678d26bde17c7d258b14d37187f942a3/src/autogen_airwin/DynoProc.cpp,RESEARCH_CANDIDATE_NOT_INTEGRATED_NOT_BENCHMARKED,9b871163678d26bde17c7d258b14d37187f942a3
EQ,Filter,https://github.com/baconpaul/airwin2rack/blob/9b871163678d26bde17c7d258b14d37187f942a3/src/autogen_airwin/EQProc.cpp,RESEARCH_CANDIDATE_NOT_INTEGRATED_NOT_BENCHMARKED,9b871163678d26bde17c7d258b14d37187f942a3
EdIsDim,Utility,https://github.com/baconpaul/airwin2rack/blob/9b871163678d26bde17c7d258b14d37187f942a3/src/autogen_airwin/EdIsDimProc.cpp,RESEARCH_CANDIDATE_NOT_INTEGRATED_NOT_BENCHMARKED,9b871163678d26bde17c7d258b14d37187f942a3
Edge,Distortion,https://github.com/baconpaul/airwin2rack/blob/9b871163678d26bde17c7d258b14d37187f942a3/src/autogen_airwin/EdgeProc.cpp,RESEARCH_CANDIDATE_NOT_INTEGRATED_NOT_BENCHMARKED,9b871163678d26bde17c7d258b14d37187f942a3
Elation,Tone Color,https://github.com/baconpaul/airwin2rack/blob/9b871163678d26bde17c7d258b14d37187f942a3/src/autogen_airwin/ElationProc.cpp,RESEARCH_CANDIDATE_NOT_INTEGRATED_NOT_BENCHMARKED,9b871163678d26bde17c7d258b14d37187f942a3
ElectroHat,Noise,https://github.com/baconpaul/airwin2rack/blob/9b871163678d26bde17c7d258b14d37187f942a3/src/autogen_airwin/ElectroHatProc.cpp,RESEARCH_CANDIDATE_NOT_INTEGRATED_NOT_BENCHMARKED,9b871163678d26bde17c7d258b14d37187f942a3
Elliptical,Bass,https://github.com/baconpaul/airwin2rack/blob/9b871163678d26bde17c7d258b14d37187f942a3/src/autogen_airwin/EllipticalProc.cpp,RESEARCH_CANDIDATE_NOT_INTEGRATED_NOT_BENCHMARKED,9b871163678d26bde17c7d258b14d37187f942a3
Energy,Effects,https://github.com/baconpaul/airwin2rack/blob/9b871163678d26bde17c7d258b14d37187f942a3/src/autogen_airwin/EnergyProc.cpp,RESEARCH_CANDIDATE_NOT_INTEGRATED_NOT_BENCHMARKED,9b871163678d26bde17c7d258b14d37187f942a3
Energy2,Effects,https://github.com/baconpaul/airwin2rack/blob/9b871163678d26bde17c7d258b14d37187f942a3/src/autogen_airwin/Energy2Proc.cpp,RESEARCH_CANDIDATE_NOT_INTEGRATED_NOT_BENCHMARKED,9b871163678d26bde17c7d258b14d37187f942a3
Ensemble,Ambience,https://github.com/baconpaul/airwin2rack/blob/9b871163678d26bde17c7d258b14d37187f942a3/src/autogen_airwin/EnsembleProc.cpp,RESEARCH_CANDIDATE_NOT_INTEGRATED_NOT_BENCHMARKED,9b871163678d26bde17c7d258b14d37187f942a3
EveryConsole,Consoles,https://github.com/baconpaul/airwin2rack/blob/9b871163678d26bde17c7d258b14d37187f942a3/src/autogen_airwin/EveryConsoleProc.cpp,RESEARCH_CANDIDATE_NOT_INTEGRATED_NOT_BENCHMARKED,9b871163678d26bde17c7d258b14d37187f942a3
EverySlew,Brightness,https://github.com/baconpaul/airwin2rack/blob/9b871163678d26bde17c7d258b14d37187f942a3/src/autogen_airwin/EverySlewProc.cpp,RESEARCH_CANDIDATE_NOT_INTEGRATED_NOT_BENCHMARKED,9b871163678d26bde17c7d258b14d37187f942a3
EveryTrim,Utility,https://github.com/baconpaul/airwin2rack/blob/9b871163678d26bde17c7d258b14d37187f942a3/src/autogen_airwin/EveryTrimProc.cpp,RESEARCH_CANDIDATE_NOT_INTEGRATED_NOT_BENCHMARKED,9b871163678d26bde17c7d258b14d37187f942a3
Exciter,Effects,https://github.com/baconpaul/airwin2rack/blob/9b871163678d26bde17c7d258b14d37187f942a3/src/autogen_airwin/ExciterProc.cpp,RESEARCH_CANDIDATE_NOT_INTEGRATED_NOT_BENCHMARKED,9b871163678d26bde17c7d258b14d37187f942a3
Facet,Effects,https://github.com/baconpaul/airwin2rack/blob/9b871163678d26bde17c7d258b14d37187f942a3/src/autogen_airwin/FacetProc.cpp,RESEARCH_CANDIDATE_NOT_INTEGRATED_NOT_BENCHMARKED,9b871163678d26bde17c7d258b14d37187f942a3
FastDistance,Filter,https://github.com/baconpaul/airwin2rack/blob/9b871163678d26bde17c7d258b14d37187f942a3/src/autogen_airwin/FastDistanceProc.cpp,RESEARCH_CANDIDATE_NOT_INTEGRATED_NOT_BENCHMARKED,9b871163678d26bde17c7d258b14d37187f942a3
FatEQ,Filter,https://github.com/baconpaul/airwin2rack/blob/9b871163678d26bde17c7d258b14d37187f942a3/src/autogen_airwin/FatEQProc.cpp,RESEARCH_CANDIDATE_NOT_INTEGRATED_NOT_BENCHMARKED,9b871163678d26bde17c7d258b14d37187f942a3
FathomFive,Bass,https://github.com/baconpaul/airwin2rack/blob/9b871163678d26bde17c7d258b14d37187f942a3/src/autogen_airwin/FathomFiveProc.cpp,RESEARCH_CANDIDATE_NOT_INTEGRATED_NOT_BENCHMARKED,9b871163678d26bde17c7d258b14d37187f942a3
FinalClip,Clipping,https://github.com/baconpaul/airwin2rack/blob/9b871163678d26bde17c7d258b14d37187f942a3/src/autogen_airwin/FinalClipProc.cpp,RESEARCH_CANDIDATE_NOT_INTEGRATED_NOT_BENCHMARKED,9b871163678d26bde17c7d258b14d37187f942a3
FireAmp,Amp Sims,https://github.com/baconpaul/airwin2rack/blob/9b871163678d26bde17c7d258b14d37187f942a3/src/autogen_airwin/FireAmpProc.cpp,RESEARCH_CANDIDATE_NOT_INTEGRATED_NOT_BENCHMARKED,9b871163678d26bde17c7d258b14d37187f942a3
Flipity,Utility,https://github.com/baconpaul/airwin2rack/blob/9b871163678d26bde17c7d258b14d37187f942a3/src/autogen_airwin/FlipityProc.cpp,RESEARCH_CANDIDATE_NOT_INTEGRATED_NOT_BENCHMARKED,9b871163678d26bde17c7d258b14d37187f942a3
Floor,Bass,https://github.com/baconpaul/airwin2rack/blob/9b871163678d26bde17c7d258b14d37187f942a3/src/autogen_airwin/FloorProc.cpp,RESEARCH_CANDIDATE_NOT_INTEGRATED_NOT_BENCHMARKED,9b871163678d26bde17c7d258b14d37187f942a3
Flutter,Lo-Fi,https://github.com/baconpaul/airwin2rack/blob/9b871163678d26bde17c7d258b14d37187f942a3/src/autogen_airwin/FlutterProc.cpp,RESEARCH_CANDIDATE_NOT_INTEGRATED_NOT_BENCHMARKED,9b871163678d26bde17c7d258b14d37187f942a3
Flutter2,Lo-Fi,https://github.com/baconpaul/airwin2rack/blob/9b871163678d26bde17c7d258b14d37187f942a3/src/autogen_airwin/Flutter2Proc.cpp,RESEARCH_CANDIDATE_NOT_INTEGRATED_NOT_BENCHMARKED,9b871163678d26bde17c7d258b14d37187f942a3
Focus,Saturation,https://github.com/baconpaul/airwin2rack/blob/9b871163678d26bde17c7d258b14d37187f942a3/src/autogen_airwin/FocusProc.cpp,RESEARCH_CANDIDATE_NOT_INTEGRATED_NOT_BENCHMARKED,9b871163678d26bde17c7d258b14d37187f942a3
Fracture,Effects,https://github.com/baconpaul/airwin2rack/blob/9b871163678d26bde17c7d258b14d37187f942a3/src/autogen_airwin/FractureProc.cpp,RESEARCH_CANDIDATE_NOT_INTEGRATED_NOT_BENCHMARKED,9b871163678d26bde17c7d258b14d37187f942a3
Fracture2,Effects,https://github.com/baconpaul/airwin2rack/blob/9b871163678d26bde17c7d258b14d37187f942a3/src/autogen_airwin/Fracture2Proc.cpp,RESEARCH_CANDIDATE_NOT_INTEGRATED_NOT_BENCHMARKED,9b871163678d26bde17c7d258b14d37187f942a3
FromTape,Tape,https://github.com/baconpaul/airwin2rack/blob/9b871163678d26bde17c7d258b14d37187f942a3/src/autogen_airwin/FromTapeProc.cpp,RESEARCH_CANDIDATE_NOT_INTEGRATED_NOT_BENCHMARKED,9b871163678d26bde17c7d258b14d37187f942a3
Galactic,Reverb,https://github.com/baconpaul/airwin2rack/blob/9b871163678d26bde17c7d258b14d37187f942a3/src/autogen_airwin/GalacticProc.cpp,RESEARCH_CANDIDATE_NOT_INTEGRATED_NOT_BENCHMARKED,9b871163678d26bde17c7d258b14d37187f942a3
Galactic2,Reverb,https://github.com/baconpaul/airwin2rack/blob/9b871163678d26bde17c7d258b14d37187f942a3/src/autogen_airwin/Galactic2Proc.cpp,RESEARCH_CANDIDATE_NOT_INTEGRATED_NOT_BENCHMARKED,9b871163678d26bde17c7d258b14d37187f942a3
Galactic3,Reverb,https://github.com/baconpaul/airwin2rack/blob/9b871163678d26bde17c7d258b14d37187f942a3/src/autogen_airwin/Galactic3Proc.cpp,RESEARCH_CANDIDATE_NOT_INTEGRATED_NOT_BENCHMARKED,9b871163678d26bde17c7d258b14d37187f942a3
GalacticVibe,Effects,https://github.com/baconpaul/airwin2rack/blob/9b871163678d26bde17c7d258b14d37187f942a3/src/autogen_airwin/GalacticVibeProc.cpp,RESEARCH_CANDIDATE_NOT_INTEGRATED_NOT_BENCHMARKED,9b871163678d26bde17c7d258b14d37187f942a3
Gatelope,Dynamics,https://github.com/baconpaul/airwin2rack/blob/9b871163678d26bde17c7d258b14d37187f942a3/src/autogen_airwin/GatelopeProc.cpp,RESEARCH_CANDIDATE_NOT_INTEGRATED_NOT_BENCHMARKED,9b871163678d26bde17c7d258b14d37187f942a3
GlitchShifter,Effects,https://github.com/baconpaul/airwin2rack/blob/9b871163678d26bde17c7d258b14d37187f942a3/src/autogen_airwin/GlitchShifterProc.cpp,RESEARCH_CANDIDATE_NOT_INTEGRATED_NOT_BENCHMARKED,9b871163678d26bde17c7d258b14d37187f942a3
GoldenSlew,Brightness,https://github.com/baconpaul/airwin2rack/blob/9b871163678d26bde17c7d258b14d37187f942a3/src/autogen_airwin/GoldenSlewProc.cpp,RESEARCH_CANDIDATE_NOT_INTEGRATED_NOT_BENCHMARKED,9b871163678d26bde17c7d258b14d37187f942a3
Golem,Utility,https://github.com/baconpaul/airwin2rack/blob/9b871163678d26bde17c7d258b14d37187f942a3/src/autogen_airwin/GolemProc.cpp,RESEARCH_CANDIDATE_NOT_INTEGRATED_NOT_BENCHMARKED,9b871163678d26bde17c7d258b14d37187f942a3
GrindAmp,Amp Sims,https://github.com/baconpaul/airwin2rack/blob/9b871163678d26bde17c7d258b14d37187f942a3/src/autogen_airwin/GrindAmpProc.cpp,RESEARCH_CANDIDATE_NOT_INTEGRATED_NOT_BENCHMARKED,9b871163678d26bde17c7d258b14d37187f942a3
Gringer,Effects,https://github.com/baconpaul/airwin2rack/blob/9b871163678d26bde17c7d258b14d37187f942a3/src/autogen_airwin/GringerProc.cpp,RESEARCH_CANDIDATE_NOT_INTEGRATED_NOT_BENCHMARKED,9b871163678d26bde17c7d258b14d37187f942a3
GrooveWear,Lo-Fi,https://github.com/baconpaul/airwin2rack/blob/9b871163678d26bde17c7d258b14d37187f942a3/src/autogen_airwin/GrooveWearProc.cpp,RESEARCH_CANDIDATE_NOT_INTEGRATED_NOT_BENCHMARKED,9b871163678d26bde17c7d258b14d37187f942a3
GuitarConditioner,Effects,https://github.com/baconpaul/airwin2rack/blob/9b871163678d26bde17c7d258b14d37187f942a3/src/autogen_airwin/GuitarConditionerProc.cpp,RESEARCH_CANDIDATE_NOT_INTEGRATED_NOT_BENCHMARKED,9b871163678d26bde17c7d258b14d37187f942a3
HardVacuum,Distortion,https://github.com/baconpaul/airwin2rack/blob/9b871163678d26bde17c7d258b14d37187f942a3/src/autogen_airwin/HardVacuumProc.cpp,RESEARCH_CANDIDATE_NOT_INTEGRATED_NOT_BENCHMARKED,9b871163678d26bde17c7d258b14d37187f942a3
HermeTrim,Utility,https://github.com/baconpaul/airwin2rack/blob/9b871163678d26bde17c7d258b14d37187f942a3/src/autogen_airwin/HermeTrimProc.cpp,RESEARCH_CANDIDATE_NOT_INTEGRATED_NOT_BENCHMARKED,9b871163678d26bde17c7d258b14d37187f942a3
Hermepass,Bass,https://github.com/baconpaul/airwin2rack/blob/9b871163678d26bde17c7d258b14d37187f942a3/src/autogen_airwin/HermepassProc.cpp,RESEARCH_CANDIDATE_NOT_INTEGRATED_NOT_BENCHMARKED,9b871163678d26bde17c7d258b14d37187f942a3
HighGlossDither,Dithers,https://github.com/baconpaul/airwin2rack/blob/9b871163678d26bde17c7d258b14d37187f942a3/src/autogen_airwin/HighGlossDitherProc.cpp,RESEARCH_CANDIDATE_NOT_INTEGRATED_NOT_BENCHMARKED,9b871163678d26bde17c7d258b14d37187f942a3
HighImpact,Distortion,https://github.com/baconpaul/airwin2rack/blob/9b871163678d26bde17c7d258b14d37187f942a3/src/autogen_airwin/HighImpactProc.cpp,RESEARCH_CANDIDATE_NOT_INTEGRATED_NOT_BENCHMARKED,9b871163678d26bde17c7d258b14d37187f942a3
Highpass,Filter,https://github.com/baconpaul/airwin2rack/blob/9b871163678d26bde17c7d258b14d37187f942a3/src/autogen_airwin/HighpassProc.cpp,RESEARCH_CANDIDATE_NOT_INTEGRATED_NOT_BENCHMARKED,9b871163678d26bde17c7d258b14d37187f942a3
Highpass2,Filter,https://github.com/baconpaul/airwin2rack/blob/9b871163678d26bde17c7d258b14d37187f942a3/src/autogen_airwin/Highpass2Proc.cpp,RESEARCH_CANDIDATE_NOT_INTEGRATED_NOT_BENCHMARKED,9b871163678d26bde17c7d258b14d37187f942a3
HipCrush,Lo-Fi,https://github.com/baconpaul/airwin2rack/blob/9b871163678d26bde17c7d258b14d37187f942a3/src/autogen_airwin/HipCrushProc.cpp,RESEARCH_CANDIDATE_NOT_INTEGRATED_NOT_BENCHMARKED,9b871163678d26bde17c7d258b14d37187f942a3
Holt,Filter,https://github.com/baconpaul/airwin2rack/blob/9b871163678d26bde17c7d258b14d37187f942a3/src/autogen_airwin/HoltProc.cpp,RESEARCH_CANDIDATE_NOT_INTEGRATED_NOT_BENCHMARKED,9b871163678d26bde17c7d258b14d37187f942a3
Holt2,Filter,https://github.com/baconpaul/airwin2rack/blob/9b871163678d26bde17c7d258b14d37187f942a3/src/autogen_airwin/Holt2Proc.cpp,RESEARCH_CANDIDATE_NOT_INTEGRATED_NOT_BENCHMARKED,9b871163678d26bde17c7d258b14d37187f942a3
Hombre,Ambience,https://github.com/baconpaul/airwin2rack/blob/9b871163678d26bde17c7d258b14d37187f942a3/src/autogen_airwin/HombreProc.cpp,RESEARCH_CANDIDATE_NOT_INTEGRATED_NOT_BENCHMARKED,9b871163678d26bde17c7d258b14d37187f942a3
Huge,Saturation,https://github.com/baconpaul/airwin2rack/blob/9b871163678d26bde17c7d258b14d37187f942a3/src/autogen_airwin/HugeProc.cpp,RESEARCH_CANDIDATE_NOT_INTEGRATED_NOT_BENCHMARKED,9b871163678d26bde17c7d258b14d37187f942a3
Hull,Filter,https://github.com/baconpaul/airwin2rack/blob/9b871163678d26bde17c7d258b14d37187f942a3/src/autogen_airwin/HullProc.cpp,RESEARCH_CANDIDATE_NOT_INTEGRATED_NOT_BENCHMARKED,9b871163678d26bde17c7d258b14d37187f942a3
Hull2,Filter,https://github.com/baconpaul/airwin2rack/blob/9b871163678d26bde17c7d258b14d37187f942a3/src/autogen_airwin/Hull2Proc.cpp,RESEARCH_CANDIDATE_NOT_INTEGRATED_NOT_BENCHMARKED,9b871163678d26bde17c7d258b14d37187f942a3
Hype,Subtlety,https://github.com/baconpaul/airwin2rack/blob/9b871163678d26bde17c7d258b14d37187f942a3/src/autogen_airwin/HypeProc.cpp,RESEARCH_CANDIDATE_NOT_INTEGRATED_NOT_BENCHMARKED,9b871163678d26bde17c7d258b14d37187f942a3
Hypersoft,Saturation,https://github.com/baconpaul/airwin2rack/blob/9b871163678d26bde17c7d258b14d37187f942a3/src/autogen_airwin/HypersoftProc.cpp,RESEARCH_CANDIDATE_NOT_INTEGRATED_NOT_BENCHMARKED,9b871163678d26bde17c7d258b14d37187f942a3
HypersonX,Brightness,https://github.com/baconpaul/airwin2rack/blob/9b871163678d26bde17c7d258b14d37187f942a3/src/autogen_airwin/HypersonXProc.cpp,RESEARCH_CANDIDATE_NOT_INTEGRATED_NOT_BENCHMARKED,9b871163678d26bde17c7d258b14d37187f942a3
Hypersonic,Brightness,https://github.com/baconpaul/airwin2rack/blob/9b871163678d26bde17c7d258b14d37187f942a3/src/autogen_airwin/HypersonicProc.cpp,RESEARCH_CANDIDATE_NOT_INTEGRATED_NOT_BENCHMARKED,9b871163678d26bde17c7d258b14d37187f942a3
Infinity,Reverb,https://github.com/baconpaul/airwin2rack/blob/9b871163678d26bde17c7d258b14d37187f942a3/src/autogen_airwin/InfinityProc.cpp,RESEARCH_CANDIDATE_NOT_INTEGRATED_NOT_BENCHMARKED,9b871163678d26bde17c7d258b14d37187f942a3
Infinity2,Reverb,https://github.com/baconpaul/airwin2rack/blob/9b871163678d26bde17c7d258b14d37187f942a3/src/autogen_airwin/Infinity2Proc.cpp,RESEARCH_CANDIDATE_NOT_INTEGRATED_NOT_BENCHMARKED,9b871163678d26bde17c7d258b14d37187f942a3
Inflamer,Subtlety,https://github.com/baconpaul/airwin2rack/blob/9b871163678d26bde17c7d258b14d37187f942a3/src/autogen_airwin/InflamerProc.cpp,RESEARCH_CANDIDATE_NOT_INTEGRATED_NOT_BENCHMARKED,9b871163678d26bde17c7d258b14d37187f942a3
Infrasonic,Bass,https://github.com/baconpaul/airwin2rack/blob/9b871163678d26bde17c7d258b14d37187f942a3/src/autogen_airwin/InfrasonicProc.cpp,RESEARCH_CANDIDATE_NOT_INTEGRATED_NOT_BENCHMARKED,9b871163678d26bde17c7d258b14d37187f942a3
Interstage,Subtlety,https://github.com/baconpaul/airwin2rack/blob/9b871163678d26bde17c7d258b14d37187f942a3/src/autogen_airwin/InterstageProc.cpp,RESEARCH_CANDIDATE_NOT_INTEGRATED_NOT_BENCHMARKED,9b871163678d26bde17c7d258b14d37187f942a3
IronOxide5,Tape,https://github.com/baconpaul/airwin2rack/blob/9b871163678d26bde17c7d258b14d37187f942a3/src/autogen_airwin/IronOxide5Proc.cpp,RESEARCH_CANDIDATE_NOT_INTEGRATED_NOT_BENCHMARKED,9b871163678d26bde17c7d258b14d37187f942a3
IronOxideClassic,Tape,https://github.com/baconpaul/airwin2rack/blob/9b871163678d26bde17c7d258b14d37187f942a3/src/autogen_airwin/IronOxideClassicProc.cpp,RESEARCH_CANDIDATE_NOT_INTEGRATED_NOT_BENCHMARKED,9b871163678d26bde17c7d258b14d37187f942a3
IronOxideClassic2,Tape,https://github.com/baconpaul/airwin2rack/blob/9b871163678d26bde17c7d258b14d37187f942a3/src/autogen_airwin/IronOxideClassic2Proc.cpp,RESEARCH_CANDIDATE_NOT_INTEGRATED_NOT_BENCHMARKED,9b871163678d26bde17c7d258b14d37187f942a3
Isolator,Filter,https://github.com/baconpaul/airwin2rack/blob/9b871163678d26bde17c7d258b14d37187f942a3/src/autogen_airwin/IsolatorProc.cpp,RESEARCH_CANDIDATE_NOT_INTEGRATED_NOT_BENCHMARKED,9b871163678d26bde17c7d258b14d37187f942a3
Isolator2,Filter,https://github.com/baconpaul/airwin2rack/blob/9b871163678d26bde17c7d258b14d37187f942a3/src/autogen_airwin/Isolator2Proc.cpp,RESEARCH_CANDIDATE_NOT_INTEGRATED_NOT_BENCHMARKED,9b871163678d26bde17c7d258b14d37187f942a3
Isolator3,Filter,https://github.com/baconpaul/airwin2rack/blob/9b871163678d26bde17c7d258b14d37187f942a3/src/autogen_airwin/Isolator3Proc.cpp,RESEARCH_CANDIDATE_NOT_INTEGRATED_NOT_BENCHMARKED,9b871163678d26bde17c7d258b14d37187f942a3
Kalman,Filter,https://github.com/baconpaul/airwin2rack/blob/9b871163678d26bde17c7d258b14d37187f942a3/src/autogen_airwin/KalmanProc.cpp,RESEARCH_CANDIDATE_NOT_INTEGRATED_NOT_BENCHMARKED,9b871163678d26bde17c7d258b14d37187f942a3
LRConvolve,Utility,https://github.com/baconpaul/airwin2rack/blob/9b871163678d26bde17c7d258b14d37187f942a3/src/autogen_airwin/LRConvolveProc.cpp,RESEARCH_CANDIDATE_NOT_INTEGRATED_NOT_BENCHMARKED,9b871163678d26bde17c7d258b14d37187f942a3
LRConvolve2,Utility,https://github.com/baconpaul/airwin2rack/blob/9b871163678d26bde17c7d258b14d37187f942a3/src/autogen_airwin/LRConvolve2Proc.cpp,RESEARCH_CANDIDATE_NOT_INTEGRATED_NOT_BENCHMARKED,9b871163678d26bde17c7d258b14d37187f942a3
LRConvolve3,Utility,https://github.com/baconpaul/airwin2rack/blob/9b871163678d26bde17c7d258b14d37187f942a3/src/autogen_airwin/LRConvolve3Proc.cpp,RESEARCH_CANDIDATE_NOT_INTEGRATED_NOT_BENCHMARKED,9b871163678d26bde17c7d258b14d37187f942a3
LRFlipTimer,Stereo,https://github.com/baconpaul/airwin2rack/blob/9b871163678d26bde17c7d258b14d37187f942a3/src/autogen_airwin/LRFlipTimerProc.cpp,RESEARCH_CANDIDATE_NOT_INTEGRATED_NOT_BENCHMARKED,9b871163678d26bde17c7d258b14d37187f942a3
LeadAmp,Amp Sims,https://github.com/baconpaul/airwin2rack/blob/9b871163678d26bde17c7d258b14d37187f942a3/src/autogen_airwin/LeadAmpProc.cpp,RESEARCH_CANDIDATE_NOT_INTEGRATED_NOT_BENCHMARKED,9b871163678d26bde17c7d258b14d37187f942a3
LeftoMono,Utility,https://github.com/baconpaul/airwin2rack/blob/9b871163678d26bde17c7d258b14d37187f942a3/src/autogen_airwin/LeftoMonoProc.cpp,RESEARCH_CANDIDATE_NOT_INTEGRATED_NOT_BENCHMARKED,9b871163678d26bde17c7d258b14d37187f942a3
LilAmp,Amp Sims,https://github.com/baconpaul/airwin2rack/blob/9b871163678d26bde17c7d258b14d37187f942a3/src/autogen_airwin/LilAmpProc.cpp,RESEARCH_CANDIDATE_NOT_INTEGRATED_NOT_BENCHMARKED,9b871163678d26bde17c7d258b14d37187f942a3
Logical4,Dynamics,https://github.com/baconpaul/airwin2rack/blob/9b871163678d26bde17c7d258b14d37187f942a3/src/autogen_airwin/Logical4Proc.cpp,RESEARCH_CANDIDATE_NOT_INTEGRATED_NOT_BENCHMARKED,9b871163678d26bde17c7d258b14d37187f942a3
Longhand,Saturation,https://github.com/baconpaul/airwin2rack/blob/9b871163678d26bde17c7d258b14d37187f942a3/src/autogen_airwin/LonghandProc.cpp,RESEARCH_CANDIDATE_NOT_INTEGRATED_NOT_BENCHMARKED,9b871163678d26bde17c7d258b14d37187f942a3
Loud,Distortion,https://github.com/baconpaul/airwin2rack/blob/9b871163678d26bde17c7d258b14d37187f942a3/src/autogen_airwin/LoudProc.cpp,RESEARCH_CANDIDATE_NOT_INTEGRATED_NOT_BENCHMARKED,9b871163678d26bde17c7d258b14d37187f942a3
Lowpass,Filter,https://github.com/baconpaul/airwin2rack/blob/9b871163678d26bde17c7d258b14d37187f942a3/src/autogen_airwin/LowpassProc.cpp,RESEARCH_CANDIDATE_NOT_INTEGRATED_NOT_BENCHMARKED,9b871163678d26bde17c7d258b14d37187f942a3
Lowpass2,Filter,https://github.com/baconpaul/airwin2rack/blob/9b871163678d26bde17c7d258b14d37187f942a3/src/autogen_airwin/Lowpass2Proc.cpp,RESEARCH_CANDIDATE_NOT_INTEGRATED_NOT_BENCHMARKED,9b871163678d26bde17c7d258b14d37187f942a3
Luxor,Tone Color,https://github.com/baconpaul/airwin2rack/blob/9b871163678d26bde17c7d258b14d37187f942a3/src/autogen_airwin/LuxorProc.cpp,RESEARCH_CANDIDATE_NOT_INTEGRATED_NOT_BENCHMARKED,9b871163678d26bde17c7d258b14d37187f942a3
MSFlipTimer,Stereo,https://github.com/baconpaul/airwin2rack/blob/9b871163678d26bde17c7d258b14d37187f942a3/src/autogen_airwin/MSFlipTimerProc.cpp,RESEARCH_CANDIDATE_NOT_INTEGRATED_NOT_BENCHMARKED,9b871163678d26bde17c7d258b14d37187f942a3
MV,Ambience,https://github.com/baconpaul/airwin2rack/blob/9b871163678d26bde17c7d258b14d37187f942a3/src/autogen_airwin/MVProc.cpp,RESEARCH_CANDIDATE_NOT_INTEGRATED_NOT_BENCHMARKED,9b871163678d26bde17c7d258b14d37187f942a3
MV2,Ambience,https://github.com/baconpaul/airwin2rack/blob/9b871163678d26bde17c7d258b14d37187f942a3/src/autogen_airwin/MV2Proc.cpp,RESEARCH_CANDIDATE_NOT_INTEGRATED_NOT_BENCHMARKED,9b871163678d26bde17c7d258b14d37187f942a3
MackEQ,Filter,https://github.com/baconpaul/airwin2rack/blob/9b871163678d26bde17c7d258b14d37187f942a3/src/autogen_airwin/MackEQProc.cpp,RESEARCH_CANDIDATE_NOT_INTEGRATED_NOT_BENCHMARKED,9b871163678d26bde17c7d258b14d37187f942a3
Mackity,Distortion,https://github.com/baconpaul/airwin2rack/blob/9b871163678d26bde17c7d258b14d37187f942a3/src/autogen_airwin/MackityProc.cpp,RESEARCH_CANDIDATE_NOT_INTEGRATED_NOT_BENCHMARKED,9b871163678d26bde17c7d258b14d37187f942a3
Mastering,Subtlety,https://github.com/baconpaul/airwin2rack/blob/9b871163678d26bde17c7d258b14d37187f942a3/src/autogen_airwin/MasteringProc.cpp,RESEARCH_CANDIDATE_NOT_INTEGRATED_NOT_BENCHMARKED,9b871163678d26bde17c7d258b14d37187f942a3
Mastering2,Subtlety,https://github.com/baconpaul/airwin2rack/blob/9b871163678d26bde17c7d258b14d37187f942a3/src/autogen_airwin/Mastering2Proc.cpp,RESEARCH_CANDIDATE_NOT_INTEGRATED_NOT_BENCHMARKED,9b871163678d26bde17c7d258b14d37187f942a3
MatrixVerb,Reverb,https://github.com/baconpaul/airwin2rack/blob/9b871163678d26bde17c7d258b14d37187f942a3/src/autogen_airwin/MatrixVerbProc.cpp,RESEARCH_CANDIDATE_NOT_INTEGRATED_NOT_BENCHMARKED,9b871163678d26bde17c7d258b14d37187f942a3
Melt,Ambience,https://github.com/baconpaul/airwin2rack/blob/9b871163678d26bde17c7d258b14d37187f942a3/src/autogen_airwin/MeltProc.cpp,RESEARCH_CANDIDATE_NOT_INTEGRATED_NOT_BENCHMARKED,9b871163678d26bde17c7d258b14d37187f942a3
MidAmp,Amp Sims,https://github.com/baconpaul/airwin2rack/blob/9b871163678d26bde17c7d258b14d37187f942a3/src/autogen_airwin/MidAmpProc.cpp,RESEARCH_CANDIDATE_NOT_INTEGRATED_NOT_BENCHMARKED,9b871163678d26bde17c7d258b14d37187f942a3
MidSide,Utility,https://github.com/baconpaul/airwin2rack/blob/9b871163678d26bde17c7d258b14d37187f942a3/src/autogen_airwin/MidSideProc.cpp,RESEARCH_CANDIDATE_NOT_INTEGRATED_NOT_BENCHMARKED,9b871163678d26bde17c7d258b14d37187f942a3
MoNoam,Utility,https://github.com/baconpaul/airwin2rack/blob/9b871163678d26bde17c7d258b14d37187f942a3/src/autogen_airwin/MoNoamProc.cpp,RESEARCH_CANDIDATE_NOT_INTEGRATED_NOT_BENCHMARKED,9b871163678d26bde17c7d258b14d37187f942a3
Mojo,Saturation,https://github.com/baconpaul/airwin2rack/blob/9b871163678d26bde17c7d258b14d37187f942a3/src/autogen_airwin/MojoProc.cpp,RESEARCH_CANDIDATE_NOT_INTEGRATED_NOT_BENCHMARKED,9b871163678d26bde17c7d258b14d37187f942a3
Monitoring,Utility,https://github.com/baconpaul/airwin2rack/blob/9b871163678d26bde17c7d258b14d37187f942a3/src/autogen_airwin/MonitoringProc.cpp,RESEARCH_CANDIDATE_NOT_INTEGRATED_NOT_BENCHMARKED,9b871163678d26bde17c7d258b14d37187f942a3
Monitoring2,Utility,https://github.com/baconpaul/airwin2rack/blob/9b871163678d26bde17c7d258b14d37187f942a3/src/autogen_airwin/Monitoring2Proc.cpp,RESEARCH_CANDIDATE_NOT_INTEGRATED_NOT_BENCHMARKED,9b871163678d26bde17c7d258b14d37187f942a3
Monitoring3,Utility,https://github.com/baconpaul/airwin2rack/blob/9b871163678d26bde17c7d258b14d37187f942a3/src/autogen_airwin/Monitoring3Proc.cpp,RESEARCH_CANDIDATE_NOT_INTEGRATED_NOT_BENCHMARKED,9b871163678d26bde17c7d258b14d37187f942a3
MultiBandDistortion,Distortion,https://github.com/baconpaul/airwin2rack/blob/9b871163678d26bde17c7d258b14d37187f942a3/src/autogen_airwin/MultiBandDistortionProc.cpp,RESEARCH_CANDIDATE_NOT_INTEGRATED_NOT_BENCHMARKED,9b871163678d26bde17c7d258b14d37187f942a3
NCSeventeen,Saturation,https://github.com/baconpaul/airwin2rack/blob/9b871163678d26bde17c7d258b14d37187f942a3/src/autogen_airwin/NCSeventeenProc.cpp,RESEARCH_CANDIDATE_NOT_INTEGRATED_NOT_BENCHMARKED,9b871163678d26bde17c7d258b14d37187f942a3
NaturalizeDither,Dithers,https://github.com/baconpaul/airwin2rack/blob/9b871163678d26bde17c7d258b14d37187f942a3/src/autogen_airwin/NaturalizeDitherProc.cpp,RESEARCH_CANDIDATE_NOT_INTEGRATED_NOT_BENCHMARKED,9b871163678d26bde17c7d258b14d37187f942a3
Neverland,Tone Color,https://github.com/baconpaul/airwin2rack/blob/9b871163678d26bde17c7d258b14d37187f942a3/src/autogen_airwin/NeverlandProc.cpp,RESEARCH_CANDIDATE_NOT_INTEGRATED_NOT_BENCHMARKED,9b871163678d26bde17c7d258b14d37187f942a3
Nikola,Effects,https://github.com/baconpaul/airwin2rack/blob/9b871163678d26bde17c7d258b14d37187f942a3/src/autogen_airwin/NikolaProc.cpp,RESEARCH_CANDIDATE_NOT_INTEGRATED_NOT_BENCHMARKED,9b871163678d26bde17c7d258b14d37187f942a3
NodeDither,Dithers,https://github.com/baconpaul/airwin2rack/blob/9b871163678d26bde17c7d258b14d37187f942a3/src/autogen_airwin/NodeDitherProc.cpp,RESEARCH_CANDIDATE_NOT_INTEGRATED_NOT_BENCHMARKED,9b871163678d26bde17c7d258b14d37187f942a3
Noise,Noise,https://github.com/baconpaul/airwin2rack/blob/9b871163678d26bde17c7d258b14d37187f942a3/src/autogen_airwin/NoiseProc.cpp,RESEARCH_CANDIDATE_NOT_INTEGRATED_NOT_BENCHMARKED,9b871163678d26bde17c7d258b14d37187f942a3
NonlinearSpace,Reverb,https://github.com/baconpaul/airwin2rack/blob/9b871163678d26bde17c7d258b14d37187f942a3/src/autogen_airwin/NonlinearSpaceProc.cpp,RESEARCH_CANDIDATE_NOT_INTEGRATED_NOT_BENCHMARKED,9b871163678d26bde17c7d258b14d37187f942a3
NotJustAnotherCD,Dithers,https://github.com/baconpaul/airwin2rack/blob/9b871163678d26bde17c7d258b14d37187f942a3/src/autogen_airwin/NotJustAnotherCDProc.cpp,RESEARCH_CANDIDATE_NOT_INTEGRATED_NOT_BENCHMARKED,9b871163678d26bde17c7d258b14d37187f942a3
NotJustAnotherDither,Dithers,https://github.com/baconpaul/airwin2rack/blob/9b871163678d26bde17c7d258b14d37187f942a3/src/autogen_airwin/NotJustAnotherDitherProc.cpp,RESEARCH_CANDIDATE_NOT_INTEGRATED_NOT_BENCHMARKED,9b871163678d26bde17c7d258b14d37187f942a3
OneCornerClip,Clipping,https://github.com/baconpaul/airwin2rack/blob/9b871163678d26bde17c7d258b14d37187f942a3/src/autogen_airwin/OneCornerClipProc.cpp,RESEARCH_CANDIDATE_NOT_INTEGRATED_NOT_BENCHMARKED,9b871163678d26bde17c7d258b14d37187f942a3
OrbitKick,Bass,https://github.com/baconpaul/airwin2rack/blob/9b871163678d26bde17c7d258b14d37187f942a3/src/autogen_airwin/OrbitKickProc.cpp,RESEARCH_CANDIDATE_NOT_INTEGRATED_NOT_BENCHMARKED,9b871163678d26bde17c7d258b14d37187f942a3
Overheads,Dynamics,https://github.com/baconpaul/airwin2rack/blob/9b871163678d26bde17c7d258b14d37187f942a3/src/autogen_airwin/OverheadsProc.cpp,RESEARCH_CANDIDATE_NOT_INTEGRATED_NOT_BENCHMARKED,9b871163678d26bde17c7d258b14d37187f942a3
PDBuss,Consoles,https://github.com/baconpaul/airwin2rack/blob/9b871163678d26bde17c7d258b14d37187f942a3/src/autogen_airwin/PDBussProc.cpp,RESEARCH_CANDIDATE_NOT_INTEGRATED_NOT_BENCHMARKED,9b871163678d26bde17c7d258b14d37187f942a3
PDChannel,Consoles,https://github.com/baconpaul/airwin2rack/blob/9b871163678d26bde17c7d258b14d37187f942a3/src/autogen_airwin/PDChannelProc.cpp,RESEARCH_CANDIDATE_NOT_INTEGRATED_NOT_BENCHMARKED,9b871163678d26bde17c7d258b14d37187f942a3
Pafnuty,Unclassified,https://github.com/baconpaul/airwin2rack/blob/9b871163678d26bde17c7d258b14d37187f942a3/src/autogen_airwin/PafnutyProc.cpp,RESEARCH_CANDIDATE_NOT_INTEGRATED_NOT_BENCHMARKED,9b871163678d26bde17c7d258b14d37187f942a3
Pafnuty2,Effects,https://github.com/baconpaul/airwin2rack/blob/9b871163678d26bde17c7d258b14d37187f942a3/src/autogen_airwin/Pafnuty2Proc.cpp,RESEARCH_CANDIDATE_NOT_INTEGRATED_NOT_BENCHMARKED,9b871163678d26bde17c7d258b14d37187f942a3
Parametric,Filter,https://github.com/baconpaul/airwin2rack/blob/9b871163678d26bde17c7d258b14d37187f942a3/src/autogen_airwin/ParametricProc.cpp,RESEARCH_CANDIDATE_NOT_INTEGRATED_NOT_BENCHMARKED,9b871163678d26bde17c7d258b14d37187f942a3
PaulDither,Dithers,https://github.com/baconpaul/airwin2rack/blob/9b871163678d26bde17c7d258b14d37187f942a3/src/autogen_airwin/PaulDitherProc.cpp,RESEARCH_CANDIDATE_NOT_INTEGRATED_NOT_BENCHMARKED,9b871163678d26bde17c7d258b14d37187f942a3
PaulWide,Dithers,https://github.com/baconpaul/airwin2rack/blob/9b871163678d26bde17c7d258b14d37187f942a3/src/autogen_airwin/PaulWideProc.cpp,RESEARCH_CANDIDATE_NOT_INTEGRATED_NOT_BENCHMARKED,9b871163678d26bde17c7d258b14d37187f942a3
PeaksOnly,Utility,https://github.com/baconpaul/airwin2rack/blob/9b871163678d26bde17c7d258b14d37187f942a3/src/autogen_airwin/PeaksOnlyProc.cpp,RESEARCH_CANDIDATE_NOT_INTEGRATED_NOT_BENCHMARKED,9b871163678d26bde17c7d258b14d37187f942a3
Pear,Filter,https://github.com/baconpaul/airwin2rack/blob/9b871163678d26bde17c7d258b14d37187f942a3/src/autogen_airwin/PearProc.cpp,RESEARCH_CANDIDATE_NOT_INTEGRATED_NOT_BENCHMARKED,9b871163678d26bde17c7d258b14d37187f942a3
Pear2,Filter,https://github.com/baconpaul/airwin2rack/blob/9b871163678d26bde17c7d258b14d37187f942a3/src/autogen_airwin/Pear2Proc.cpp,RESEARCH_CANDIDATE_NOT_INTEGRATED_NOT_BENCHMARKED,9b871163678d26bde17c7d258b14d37187f942a3
PearEQ,Filter,https://github.com/baconpaul/airwin2rack/blob/9b871163678d26bde17c7d258b14d37187f942a3/src/autogen_airwin/PearEQProc.cpp,RESEARCH_CANDIDATE_NOT_INTEGRATED_NOT_BENCHMARKED,9b871163678d26bde17c7d258b14d37187f942a3
PearLiteEQ,Filter,https://github.com/baconpaul/airwin2rack/blob/9b871163678d26bde17c7d258b14d37187f942a3/src/autogen_airwin/PearLiteEQProc.cpp,RESEARCH_CANDIDATE_NOT_INTEGRATED_NOT_BENCHMARKED,9b871163678d26bde17c7d258b14d37187f942a3
PhaseNudge,Subtlety,https://github.com/baconpaul/airwin2rack/blob/9b871163678d26bde17c7d258b14d37187f942a3/src/autogen_airwin/PhaseNudgeProc.cpp,RESEARCH_CANDIDATE_NOT_INTEGRATED_NOT_BENCHMARKED,9b871163678d26bde17c7d258b14d37187f942a3
PitchDelay,Ambience,https://github.com/baconpaul/airwin2rack/blob/9b871163678d26bde17c7d258b14d37187f942a3/src/autogen_airwin/PitchDelayProc.cpp,RESEARCH_CANDIDATE_NOT_INTEGRATED_NOT_BENCHMARKED,9b871163678d26bde17c7d258b14d37187f942a3
PitchNasty,Effects,https://github.com/baconpaul/airwin2rack/blob/9b871163678d26bde17c7d258b14d37187f942a3/src/autogen_airwin/PitchNastyProc.cpp,RESEARCH_CANDIDATE_NOT_INTEGRATED_NOT_BENCHMARKED,9b871163678d26bde17c7d258b14d37187f942a3
PlatinumSlew,Brightness,https://github.com/baconpaul/airwin2rack/blob/9b871163678d26bde17c7d258b14d37187f942a3/src/autogen_airwin/PlatinumSlewProc.cpp,RESEARCH_CANDIDATE_NOT_INTEGRATED_NOT_BENCHMARKED,9b871163678d26bde17c7d258b14d37187f942a3
PocketVerbs,Reverb,https://github.com/baconpaul/airwin2rack/blob/9b871163678d26bde17c7d258b14d37187f942a3/src/autogen_airwin/PocketVerbsProc.cpp,RESEARCH_CANDIDATE_NOT_INTEGRATED_NOT_BENCHMARKED,9b871163678d26bde17c7d258b14d37187f942a3
Pockey,Lo-Fi,https://github.com/baconpaul/airwin2rack/blob/9b871163678d26bde17c7d258b14d37187f942a3/src/autogen_airwin/PockeyProc.cpp,RESEARCH_CANDIDATE_NOT_INTEGRATED_NOT_BENCHMARKED,9b871163678d26bde17c7d258b14d37187f942a3
Pockey2,Lo-Fi,https://github.com/baconpaul/airwin2rack/blob/9b871163678d26bde17c7d258b14d37187f942a3/src/autogen_airwin/Pockey2Proc.cpp,RESEARCH_CANDIDATE_NOT_INTEGRATED_NOT_BENCHMARKED,9b871163678d26bde17c7d258b14d37187f942a3
Podcast,Dynamics,https://github.com/baconpaul/airwin2rack/blob/9b871163678d26bde17c7d258b14d37187f942a3/src/autogen_airwin/PodcastProc.cpp,RESEARCH_CANDIDATE_NOT_INTEGRATED_NOT_BENCHMARKED,9b871163678d26bde17c7d258b14d37187f942a3
PodcastDeluxe,Dynamics,https://github.com/baconpaul/airwin2rack/blob/9b871163678d26bde17c7d258b14d37187f942a3/src/autogen_airwin/PodcastDeluxeProc.cpp,RESEARCH_CANDIDATE_NOT_INTEGRATED_NOT_BENCHMARKED,9b871163678d26bde17c7d258b14d37187f942a3
Point,Dynamics,https://github.com/baconpaul/airwin2rack/blob/9b871163678d26bde17c7d258b14d37187f942a3/src/autogen_airwin/PointProc.cpp,RESEARCH_CANDIDATE_NOT_INTEGRATED_NOT_BENCHMARKED,9b871163678d26bde17c7d258b14d37187f942a3
PointyDeluxe,Amp Sims,https://github.com/baconpaul/airwin2rack/blob/9b871163678d26bde17c7d258b14d37187f942a3/src/autogen_airwin/PointyDeluxeProc.cpp,RESEARCH_CANDIDATE_NOT_INTEGRATED_NOT_BENCHMARKED,9b871163678d26bde17c7d258b14d37187f942a3
PointyGuitar,Amp Sims,https://github.com/baconpaul/airwin2rack/blob/9b871163678d26bde17c7d258b14d37187f942a3/src/autogen_airwin/PointyGuitarProc.cpp,RESEARCH_CANDIDATE_NOT_INTEGRATED_NOT_BENCHMARKED,9b871163678d26bde17c7d258b14d37187f942a3
Pop,Dynamics,https://github.com/baconpaul/airwin2rack/blob/9b871163678d26bde17c7d258b14d37187f942a3/src/autogen_airwin/PopProc.cpp,RESEARCH_CANDIDATE_NOT_INTEGRATED_NOT_BENCHMARKED,9b871163678d26bde17c7d258b14d37187f942a3
Pop2,Dynamics,https://github.com/baconpaul/airwin2rack/blob/9b871163678d26bde17c7d258b14d37187f942a3/src/autogen_airwin/Pop2Proc.cpp,RESEARCH_CANDIDATE_NOT_INTEGRATED_NOT_BENCHMARKED,9b871163678d26bde17c7d258b14d37187f942a3
Pop3,Dynamics,https://github.com/baconpaul/airwin2rack/blob/9b871163678d26bde17c7d258b14d37187f942a3/src/autogen_airwin/Pop3Proc.cpp,RESEARCH_CANDIDATE_NOT_INTEGRATED_NOT_BENCHMARKED,9b871163678d26bde17c7d258b14d37187f942a3
PowerSag,Effects,https://github.com/baconpaul/airwin2rack/blob/9b871163678d26bde17c7d258b14d37187f942a3/src/autogen_airwin/PowerSagProc.cpp,RESEARCH_CANDIDATE_NOT_INTEGRATED_NOT_BENCHMARKED,9b871163678d26bde17c7d258b14d37187f942a3
PowerSag2,Effects,https://github.com/baconpaul/airwin2rack/blob/9b871163678d26bde17c7d258b14d37187f942a3/src/autogen_airwin/PowerSag2Proc.cpp,RESEARCH_CANDIDATE_NOT_INTEGRATED_NOT_BENCHMARKED,9b871163678d26bde17c7d258b14d37187f942a3
Precious,Tone Color,https://github.com/baconpaul/airwin2rack/blob/9b871163678d26bde17c7d258b14d37187f942a3/src/autogen_airwin/PreciousProc.cpp,RESEARCH_CANDIDATE_NOT_INTEGRATED_NOT_BENCHMARKED,9b871163678d26bde17c7d258b14d37187f942a3
Preponderant,Effects,https://github.com/baconpaul/airwin2rack/blob/9b871163678d26bde17c7d258b14d37187f942a3/src/autogen_airwin/PreponderantProc.cpp,RESEARCH_CANDIDATE_NOT_INTEGRATED_NOT_BENCHMARKED,9b871163678d26bde17c7d258b14d37187f942a3
Pressure4,Dynamics,https://github.com/baconpaul/airwin2rack/blob/9b871163678d26bde17c7d258b14d37187f942a3/src/autogen_airwin/Pressure4Proc.cpp,RESEARCH_CANDIDATE_NOT_INTEGRATED_NOT_BENCHMARKED,9b871163678d26bde17c7d258b14d37187f942a3
Pressure5,Dynamics,https://github.com/baconpaul/airwin2rack/blob/9b871163678d26bde17c7d258b14d37187f942a3/src/autogen_airwin/Pressure5Proc.cpp,RESEARCH_CANDIDATE_NOT_INTEGRATED_NOT_BENCHMARKED,9b871163678d26bde17c7d258b14d37187f942a3
Pressure6,Dynamics,https://github.com/baconpaul/airwin2rack/blob/9b871163678d26bde17c7d258b14d37187f942a3/src/autogen_airwin/Pressure6Proc.cpp,RESEARCH_CANDIDATE_NOT_INTEGRATED_NOT_BENCHMARKED,9b871163678d26bde17c7d258b14d37187f942a3
PrimeFIR,Filter,https://github.com/baconpaul/airwin2rack/blob/9b871163678d26bde17c7d258b14d37187f942a3/src/autogen_airwin/PrimeFIRProc.cpp,RESEARCH_CANDIDATE_NOT_INTEGRATED_NOT_BENCHMARKED,9b871163678d26bde17c7d258b14d37187f942a3
PunchyDeluxe,Unclassified,https://github.com/baconpaul/airwin2rack/blob/9b871163678d26bde17c7d258b14d37187f942a3/src/autogen_airwin/PunchyDeluxeProc.cpp,RESEARCH_CANDIDATE_NOT_INTEGRATED_NOT_BENCHMARKED,9b871163678d26bde17c7d258b14d37187f942a3
PunchyGuitar,Unclassified,https://github.com/baconpaul/airwin2rack/blob/9b871163678d26bde17c7d258b14d37187f942a3/src/autogen_airwin/PunchyGuitarProc.cpp,RESEARCH_CANDIDATE_NOT_INTEGRATED_NOT_BENCHMARKED,9b871163678d26bde17c7d258b14d37187f942a3
PurestAir,Brightness,https://github.com/baconpaul/airwin2rack/blob/9b871163678d26bde17c7d258b14d37187f942a3/src/autogen_airwin/PurestAirProc.cpp,RESEARCH_CANDIDATE_NOT_INTEGRATED_NOT_BENCHMARKED,9b871163678d26bde17c7d258b14d37187f942a3
PurestConsole2Buss,Consoles,https://github.com/baconpaul/airwin2rack/blob/9b871163678d26bde17c7d258b14d37187f942a3/src/autogen_airwin/PurestConsole2BussProc.cpp,RESEARCH_CANDIDATE_NOT_INTEGRATED_NOT_BENCHMARKED,9b871163678d26bde17c7d258b14d37187f942a3
PurestConsole2Channel,Consoles,https://github.com/baconpaul/airwin2rack/blob/9b871163678d26bde17c7d258b14d37187f942a3/src/autogen_airwin/PurestConsole2ChannelProc.cpp,RESEARCH_CANDIDATE_NOT_INTEGRATED_NOT_BENCHMARKED,9b871163678d26bde17c7d258b14d37187f942a3
PurestConsole3Buss,Consoles,https://github.com/baconpaul/airwin2rack/blob/9b871163678d26bde17c7d258b14d37187f942a3/src/autogen_airwin/PurestConsole3BussProc.cpp,RESEARCH_CANDIDATE_NOT_INTEGRATED_NOT_BENCHMARKED,9b871163678d26bde17c7d258b14d37187f942a3
PurestConsole3Channel,Consoles,https://github.com/baconpaul/airwin2rack/blob/9b871163678d26bde17c7d258b14d37187f942a3/src/autogen_airwin/PurestConsole3ChannelProc.cpp,RESEARCH_CANDIDATE_NOT_INTEGRATED_NOT_BENCHMARKED,9b871163678d26bde17c7d258b14d37187f942a3
PurestConsole4Buss,Unclassified,https://github.com/baconpaul/airwin2rack/blob/9b871163678d26bde17c7d258b14d37187f942a3/src/autogen_airwin/PurestConsole4BussProc.cpp,RESEARCH_CANDIDATE_NOT_INTEGRATED_NOT_BENCHMARKED,9b871163678d26bde17c7d258b14d37187f942a3
PurestConsole4Channel,Unclassified,https://github.com/baconpaul/airwin2rack/blob/9b871163678d26bde17c7d258b14d37187f942a3/src/autogen_airwin/PurestConsole4ChannelProc.cpp,RESEARCH_CANDIDATE_NOT_INTEGRATED_NOT_BENCHMARKED,9b871163678d26bde17c7d258b14d37187f942a3
PurestConsoleBuss,Consoles,https://github.com/baconpaul/airwin2rack/blob/9b871163678d26bde17c7d258b14d37187f942a3/src/autogen_airwin/PurestConsoleBussProc.cpp,RESEARCH_CANDIDATE_NOT_INTEGRATED_NOT_BENCHMARKED,9b871163678d26bde17c7d258b14d37187f942a3
PurestConsoleChannel,Consoles,https://github.com/baconpaul/airwin2rack/blob/9b871163678d26bde17c7d258b14d37187f942a3/src/autogen_airwin/PurestConsoleChannelProc.cpp,RESEARCH_CANDIDATE_NOT_INTEGRATED_NOT_BENCHMARKED,9b871163678d26bde17c7d258b14d37187f942a3
PurestDrive,Saturation,https://github.com/baconpaul/airwin2rack/blob/9b871163678d26bde17c7d258b14d37187f942a3/src/autogen_airwin/PurestDriveProc.cpp,RESEARCH_CANDIDATE_NOT_INTEGRATED_NOT_BENCHMARKED,9b871163678d26bde17c7d258b14d37187f942a3
PurestDualPan,Utility,https://github.com/baconpaul/airwin2rack/blob/9b871163678d26bde17c7d258b14d37187f942a3/src/autogen_airwin/PurestDualPanProc.cpp,RESEARCH_CANDIDATE_NOT_INTEGRATED_NOT_BENCHMARKED,9b871163678d26bde17c7d258b14d37187f942a3
PurestEcho,Ambience,https://github.com/baconpaul/airwin2rack/blob/9b871163678d26bde17c7d258b14d37187f942a3/src/autogen_airwin/PurestEchoProc.cpp,RESEARCH_CANDIDATE_NOT_INTEGRATED_NOT_BENCHMARKED,9b871163678d26bde17c7d258b14d37187f942a3
PurestFade,Utility,https://github.com/baconpaul/airwin2rack/blob/9b871163678d26bde17c7d258b14d37187f942a3/src/autogen_airwin/PurestFadeProc.cpp,RESEARCH_CANDIDATE_NOT_INTEGRATED_NOT_BENCHMARKED,9b871163678d26bde17c7d258b14d37187f942a3
PurestGain,Utility,https://github.com/baconpaul/airwin2rack/blob/9b871163678d26bde17c7d258b14d37187f942a3/src/autogen_airwin/PurestGainProc.cpp,RESEARCH_CANDIDATE_NOT_INTEGRATED_NOT_BENCHMARKED,9b871163678d26bde17c7d258b14d37187f942a3
PurestSaturation,Saturation,https://github.com/baconpaul/airwin2rack/blob/9b871163678d26bde17c7d258b14d37187f942a3/src/autogen_airwin/PurestSaturationProc.cpp,RESEARCH_CANDIDATE_NOT_INTEGRATED_NOT_BENCHMARKED,9b871163678d26bde17c7d258b14d37187f942a3
PurestSquish,Dynamics,https://github.com/baconpaul/airwin2rack/blob/9b871163678d26bde17c7d258b14d37187f942a3/src/autogen_airwin/PurestSquishProc.cpp,RESEARCH_CANDIDATE_NOT_INTEGRATED_NOT_BENCHMARKED,9b871163678d26bde17c7d258b14d37187f942a3
PurestWarm,Subtlety,https://github.com/baconpaul/airwin2rack/blob/9b871163678d26bde17c7d258b14d37187f942a3/src/autogen_airwin/PurestWarmProc.cpp,RESEARCH_CANDIDATE_NOT_INTEGRATED_NOT_BENCHMARKED,9b871163678d26bde17c7d258b14d37187f942a3
PurestWarm2,Subtlety,https://github.com/baconpaul/airwin2rack/blob/9b871163678d26bde17c7d258b14d37187f942a3/src/autogen_airwin/PurestWarm2Proc.cpp,RESEARCH_CANDIDATE_NOT_INTEGRATED_NOT_BENCHMARKED,9b871163678d26bde17c7d258b14d37187f942a3
PurestWarm3,Subtlety,https://github.com/baconpaul/airwin2rack/blob/9b871163678d26bde17c7d258b14d37187f942a3/src/autogen_airwin/PurestWarm3Proc.cpp,RESEARCH_CANDIDATE_NOT_INTEGRATED_NOT_BENCHMARKED,9b871163678d26bde17c7d258b14d37187f942a3
Pyewacket,Dynamics,https://github.com/baconpaul/airwin2rack/blob/9b871163678d26bde17c7d258b14d37187f942a3/src/autogen_airwin/PyewacketProc.cpp,RESEARCH_CANDIDATE_NOT_INTEGRATED_NOT_BENCHMARKED,9b871163678d26bde17c7d258b14d37187f942a3
RawGlitters,Dithers,https://github.com/baconpaul/airwin2rack/blob/9b871163678d26bde17c7d258b14d37187f942a3/src/autogen_airwin/RawGlittersProc.cpp,RESEARCH_CANDIDATE_NOT_INTEGRATED_NOT_BENCHMARKED,9b871163678d26bde17c7d258b14d37187f942a3
RawTimbers,Dithers,https://github.com/baconpaul/airwin2rack/blob/9b871163678d26bde17c7d258b14d37187f942a3/src/autogen_airwin/RawTimbersProc.cpp,RESEARCH_CANDIDATE_NOT_INTEGRATED_NOT_BENCHMARKED,9b871163678d26bde17c7d258b14d37187f942a3
Recurve,Dynamics,https://github.com/baconpaul/airwin2rack/blob/9b871163678d26bde17c7d258b14d37187f942a3/src/autogen_airwin/RecurveProc.cpp,RESEARCH_CANDIDATE_NOT_INTEGRATED_NOT_BENCHMARKED,9b871163678d26bde17c7d258b14d37187f942a3
Remap,Subtlety,https://github.com/baconpaul/airwin2rack/blob/9b871163678d26bde17c7d258b14d37187f942a3/src/autogen_airwin/RemapProc.cpp,RESEARCH_CANDIDATE_NOT_INTEGRATED_NOT_BENCHMARKED,9b871163678d26bde17c7d258b14d37187f942a3
ResEQ,Filter,https://github.com/baconpaul/airwin2rack/blob/9b871163678d26bde17c7d258b14d37187f942a3/src/autogen_airwin/ResEQProc.cpp,RESEARCH_CANDIDATE_NOT_INTEGRATED_NOT_BENCHMARKED,9b871163678d26bde17c7d258b14d37187f942a3
ResEQ2,Filter,https://github.com/baconpaul/airwin2rack/blob/9b871163678d26bde17c7d258b14d37187f942a3/src/autogen_airwin/ResEQ2Proc.cpp,RESEARCH_CANDIDATE_NOT_INTEGRATED_NOT_BENCHMARKED,9b871163678d26bde17c7d258b14d37187f942a3
RetroBass,Filter,https://github.com/baconpaul/airwin2rack/blob/9b871163678d26bde17c7d258b14d37187f942a3/src/autogen_airwin/RetroBassProc.cpp,RESEARCH_CANDIDATE_NOT_INTEGRATED_NOT_BENCHMARKED,9b871163678d26bde17c7d258b14d37187f942a3
Reverb,Reverb,https://github.com/baconpaul/airwin2rack/blob/9b871163678d26bde17c7d258b14d37187f942a3/src/autogen_airwin/ReverbProc.cpp,RESEARCH_CANDIDATE_NOT_INTEGRATED_NOT_BENCHMARKED,9b871163678d26bde17c7d258b14d37187f942a3
Righteous4,Saturation,https://github.com/baconpaul/airwin2rack/blob/9b871163678d26bde17c7d258b14d37187f942a3/src/autogen_airwin/Righteous4Proc.cpp,RESEARCH_CANDIDATE_NOT_INTEGRATED_NOT_BENCHMARKED,9b871163678d26bde17c7d258b14d37187f942a3
RightoMono,Utility,https://github.com/baconpaul/airwin2rack/blob/9b871163678d26bde17c7d258b14d37187f942a3/src/autogen_airwin/RightoMonoProc.cpp,RESEARCH_CANDIDATE_NOT_INTEGRATED_NOT_BENCHMARKED,9b871163678d26bde17c7d258b14d37187f942a3
RingModulator,Effects,https://github.com/baconpaul/airwin2rack/blob/9b871163678d26bde17c7d258b14d37187f942a3/src/autogen_airwin/RingModulatorProc.cpp,RESEARCH_CANDIDATE_NOT_INTEGRATED_NOT_BENCHMARKED,9b871163678d26bde17c7d258b14d37187f942a3
SampleDelay,Ambience,https://github.com/baconpaul/airwin2rack/blob/9b871163678d26bde17c7d258b14d37187f942a3/src/autogen_airwin/SampleDelayProc.cpp,RESEARCH_CANDIDATE_NOT_INTEGRATED_NOT_BENCHMARKED,9b871163678d26bde17c7d258b14d37187f942a3
Shape,Subtlety,https://github.com/baconpaul/airwin2rack/blob/9b871163678d26bde17c7d258b14d37187f942a3/src/autogen_airwin/ShapeProc.cpp,RESEARCH_CANDIDATE_NOT_INTEGRATED_NOT_BENCHMARKED,9b871163678d26bde17c7d258b14d37187f942a3
ShortBuss,Effects,https://github.com/baconpaul/airwin2rack/blob/9b871163678d26bde17c7d258b14d37187f942a3/src/autogen_airwin/ShortBussProc.cpp,RESEARCH_CANDIDATE_NOT_INTEGRATED_NOT_BENCHMARKED,9b871163678d26bde17c7d258b14d37187f942a3
SideDull,Stereo,https://github.com/baconpaul/airwin2rack/blob/9b871163678d26bde17c7d258b14d37187f942a3/src/autogen_airwin/SideDullProc.cpp,RESEARCH_CANDIDATE_NOT_INTEGRATED_NOT_BENCHMARKED,9b871163678d26bde17c7d258b14d37187f942a3
Sidepass,Stereo,https://github.com/baconpaul/airwin2rack/blob/9b871163678d26bde17c7d258b14d37187f942a3/src/autogen_airwin/SidepassProc.cpp,RESEARCH_CANDIDATE_NOT_INTEGRATED_NOT_BENCHMARKED,9b871163678d26bde17c7d258b14d37187f942a3
Silhouette,Noise,https://github.com/baconpaul/airwin2rack/blob/9b871163678d26bde17c7d258b14d37187f942a3/src/autogen_airwin/SilhouetteProc.cpp,RESEARCH_CANDIDATE_NOT_INTEGRATED_NOT_BENCHMARKED,9b871163678d26bde17c7d258b14d37187f942a3
Silken,Filter,https://github.com/baconpaul/airwin2rack/blob/9b871163678d26bde17c7d258b14d37187f942a3/src/autogen_airwin/SilkenProc.cpp,RESEARCH_CANDIDATE_NOT_INTEGRATED_NOT_BENCHMARKED,9b871163678d26bde17c7d258b14d37187f942a3
Sinew,Brightness,https://github.com/baconpaul/airwin2rack/blob/9b871163678d26bde17c7d258b14d37187f942a3/src/autogen_airwin/SinewProc.cpp,RESEARCH_CANDIDATE_NOT_INTEGRATED_NOT_BENCHMARKED,9b871163678d26bde17c7d258b14d37187f942a3
SingleEndedTriode,Subtlety,https://github.com/baconpaul/airwin2rack/blob/9b871163678d26bde17c7d258b14d37187f942a3/src/autogen_airwin/SingleEndedTriodeProc.cpp,RESEARCH_CANDIDATE_NOT_INTEGRATED_NOT_BENCHMARKED,9b871163678d26bde17c7d258b14d37187f942a3
Slew,Brightness,https://github.com/baconpaul/airwin2rack/blob/9b871163678d26bde17c7d258b14d37187f942a3/src/autogen_airwin/SlewProc.cpp,RESEARCH_CANDIDATE_NOT_INTEGRATED_NOT_BENCHMARKED,9b871163678d26bde17c7d258b14d37187f942a3
Slew2,Brightness,https://github.com/baconpaul/airwin2rack/blob/9b871163678d26bde17c7d258b14d37187f942a3/src/autogen_airwin/Slew2Proc.cpp,RESEARCH_CANDIDATE_NOT_INTEGRATED_NOT_BENCHMARKED,9b871163678d26bde17c7d258b14d37187f942a3
Slew3,Brightness,https://github.com/baconpaul/airwin2rack/blob/9b871163678d26bde17c7d258b14d37187f942a3/src/autogen_airwin/Slew3Proc.cpp,RESEARCH_CANDIDATE_NOT_INTEGRATED_NOT_BENCHMARKED,9b871163678d26bde17c7d258b14d37187f942a3
Slew4,Brightness,https://github.com/baconpaul/airwin2rack/blob/9b871163678d26bde17c7d258b14d37187f942a3/src/autogen_airwin/Slew4Proc.cpp,RESEARCH_CANDIDATE_NOT_INTEGRATED_NOT_BENCHMARKED,9b871163678d26bde17c7d258b14d37187f942a3
SlewOnly,Utility,https://github.com/baconpaul/airwin2rack/blob/9b871163678d26bde17c7d258b14d37187f942a3/src/autogen_airwin/SlewOnlyProc.cpp,RESEARCH_CANDIDATE_NOT_INTEGRATED_NOT_BENCHMARKED,9b871163678d26bde17c7d258b14d37187f942a3
SlewSonic,Brightness,https://github.com/baconpaul/airwin2rack/blob/9b871163678d26bde17c7d258b14d37187f942a3/src/autogen_airwin/SlewSonicProc.cpp,RESEARCH_CANDIDATE_NOT_INTEGRATED_NOT_BENCHMARKED,9b871163678d26bde17c7d258b14d37187f942a3
Smooth,Brightness,https://github.com/baconpaul/airwin2rack/blob/9b871163678d26bde17c7d258b14d37187f942a3/src/autogen_airwin/SmoothProc.cpp,RESEARCH_CANDIDATE_NOT_INTEGRATED_NOT_BENCHMARKED,9b871163678d26bde17c7d258b14d37187f942a3
SmoothEQ,Filter,https://github.com/baconpaul/airwin2rack/blob/9b871163678d26bde17c7d258b14d37187f942a3/src/autogen_airwin/SmoothEQProc.cpp,RESEARCH_CANDIDATE_NOT_INTEGRATED_NOT_BENCHMARKED,9b871163678d26bde17c7d258b14d37187f942a3
SmoothEQ2,Filter,https://github.com/baconpaul/airwin2rack/blob/9b871163678d26bde17c7d258b14d37187f942a3/src/autogen_airwin/SmoothEQ2Proc.cpp,RESEARCH_CANDIDATE_NOT_INTEGRATED_NOT_BENCHMARKED,9b871163678d26bde17c7d258b14d37187f942a3
SmoothEQ3,Filter,https://github.com/baconpaul/airwin2rack/blob/9b871163678d26bde17c7d258b14d37187f942a3/src/autogen_airwin/SmoothEQ3Proc.cpp,RESEARCH_CANDIDATE_NOT_INTEGRATED_NOT_BENCHMARKED,9b871163678d26bde17c7d258b14d37187f942a3
SoftClock,Utility,https://github.com/baconpaul/airwin2rack/blob/9b871163678d26bde17c7d258b14d37187f942a3/src/autogen_airwin/SoftClockProc.cpp,RESEARCH_CANDIDATE_NOT_INTEGRATED_NOT_BENCHMARKED,9b871163678d26bde17c7d258b14d37187f942a3
SoftClock2,Utility,https://github.com/baconpaul/airwin2rack/blob/9b871163678d26bde17c7d258b14d37187f942a3/src/autogen_airwin/SoftClock2Proc.cpp,RESEARCH_CANDIDATE_NOT_INTEGRATED_NOT_BENCHMARKED,9b871163678d26bde17c7d258b14d37187f942a3
SoftClock3,Utility,https://github.com/baconpaul/airwin2rack/blob/9b871163678d26bde17c7d258b14d37187f942a3/src/autogen_airwin/SoftClock3Proc.cpp,RESEARCH_CANDIDATE_NOT_INTEGRATED_NOT_BENCHMARKED,9b871163678d26bde17c7d258b14d37187f942a3
SoftGate,Dynamics,https://github.com/baconpaul/airwin2rack/blob/9b871163678d26bde17c7d258b14d37187f942a3/src/autogen_airwin/SoftGateProc.cpp,RESEARCH_CANDIDATE_NOT_INTEGRATED_NOT_BENCHMARKED,9b871163678d26bde17c7d258b14d37187f942a3
SpatializeDither,Dithers,https://github.com/baconpaul/airwin2rack/blob/9b871163678d26bde17c7d258b14d37187f942a3/src/autogen_airwin/SpatializeDitherProc.cpp,RESEARCH_CANDIDATE_NOT_INTEGRATED_NOT_BENCHMARKED,9b871163678d26bde17c7d258b14d37187f942a3
Spiral,Saturation,https://github.com/baconpaul/airwin2rack/blob/9b871163678d26bde17c7d258b14d37187f942a3/src/autogen_airwin/SpiralProc.cpp,RESEARCH_CANDIDATE_NOT_INTEGRATED_NOT_BENCHMARKED,9b871163678d26bde17c7d258b14d37187f942a3
Spiral2,Saturation,https://github.com/baconpaul/airwin2rack/blob/9b871163678d26bde17c7d258b14d37187f942a3/src/autogen_airwin/Spiral2Proc.cpp,RESEARCH_CANDIDATE_NOT_INTEGRATED_NOT_BENCHMARKED,9b871163678d26bde17c7d258b14d37187f942a3
Spiral3,Unclassified,https://github.com/baconpaul/airwin2rack/blob/9b871163678d26bde17c7d258b14d37187f942a3/src/autogen_airwin/Spiral3Proc.cpp,RESEARCH_CANDIDATE_NOT_INTEGRATED_NOT_BENCHMARKED,9b871163678d26bde17c7d258b14d37187f942a3
SquareRoot,Saturation,https://github.com/baconpaul/airwin2rack/blob/9b871163678d26bde17c7d258b14d37187f942a3/src/autogen_airwin/SquareRootProc.cpp,RESEARCH_CANDIDATE_NOT_INTEGRATED_NOT_BENCHMARKED,9b871163678d26bde17c7d258b14d37187f942a3
Srsly,Stereo,https://github.com/baconpaul/airwin2rack/blob/9b871163678d26bde17c7d258b14d37187f942a3/src/autogen_airwin/SrslyProc.cpp,RESEARCH_CANDIDATE_NOT_INTEGRATED_NOT_BENCHMARKED,9b871163678d26bde17c7d258b14d37187f942a3
Srsly2,Stereo,https://github.com/baconpaul/airwin2rack/blob/9b871163678d26bde17c7d258b14d37187f942a3/src/autogen_airwin/Srsly2Proc.cpp,RESEARCH_CANDIDATE_NOT_INTEGRATED_NOT_BENCHMARKED,9b871163678d26bde17c7d258b14d37187f942a3
Srsly3,Stereo,https://github.com/baconpaul/airwin2rack/blob/9b871163678d26bde17c7d258b14d37187f942a3/src/autogen_airwin/Srsly3Proc.cpp,RESEARCH_CANDIDATE_NOT_INTEGRATED_NOT_BENCHMARKED,9b871163678d26bde17c7d258b14d37187f942a3
StarChild,Ambience,https://github.com/baconpaul/airwin2rack/blob/9b871163678d26bde17c7d258b14d37187f942a3/src/autogen_airwin/StarChildProc.cpp,RESEARCH_CANDIDATE_NOT_INTEGRATED_NOT_BENCHMARKED,9b871163678d26bde17c7d258b14d37187f942a3
StarChild2,Ambience,https://github.com/baconpaul/airwin2rack/blob/9b871163678d26bde17c7d258b14d37187f942a3/src/autogen_airwin/StarChild2Proc.cpp,RESEARCH_CANDIDATE_NOT_INTEGRATED_NOT_BENCHMARKED,9b871163678d26bde17c7d258b14d37187f942a3
StereoChorus,Ambience,https://github.com/baconpaul/airwin2rack/blob/9b871163678d26bde17c7d258b14d37187f942a3/src/autogen_airwin/StereoChorusProc.cpp,RESEARCH_CANDIDATE_NOT_INTEGRATED_NOT_BENCHMARKED,9b871163678d26bde17c7d258b14d37187f942a3
StereoDoubler,Ambience,https://github.com/baconpaul/airwin2rack/blob/9b871163678d26bde17c7d258b14d37187f942a3/src/autogen_airwin/StereoDoublerProc.cpp,RESEARCH_CANDIDATE_NOT_INTEGRATED_NOT_BENCHMARKED,9b871163678d26bde17c7d258b14d37187f942a3
StereoEnsemble,Ambience,https://github.com/baconpaul/airwin2rack/blob/9b871163678d26bde17c7d258b14d37187f942a3/src/autogen_airwin/StereoEnsembleProc.cpp,RESEARCH_CANDIDATE_NOT_INTEGRATED_NOT_BENCHMARKED,9b871163678d26bde17c7d258b14d37187f942a3
StereoFX,Stereo,https://github.com/baconpaul/airwin2rack/blob/9b871163678d26bde17c7d258b14d37187f942a3/src/autogen_airwin/StereoFXProc.cpp,RESEARCH_CANDIDATE_NOT_INTEGRATED_NOT_BENCHMARKED,9b871163678d26bde17c7d258b14d37187f942a3
StoneFireComp,Dynamics,https://github.com/baconpaul/airwin2rack/blob/9b871163678d26bde17c7d258b14d37187f942a3/src/autogen_airwin/StoneFireCompProc.cpp,RESEARCH_CANDIDATE_NOT_INTEGRATED_NOT_BENCHMARKED,9b871163678d26bde17c7d258b14d37187f942a3
Stonefire,Filter,https://github.com/baconpaul/airwin2rack/blob/9b871163678d26bde17c7d258b14d37187f942a3/src/autogen_airwin/StonefireProc.cpp,RESEARCH_CANDIDATE_NOT_INTEGRATED_NOT_BENCHMARKED,9b871163678d26bde17c7d258b14d37187f942a3
StudioTan,Dithers,https://github.com/baconpaul/airwin2rack/blob/9b871163678d26bde17c7d258b14d37187f942a3/src/autogen_airwin/StudioTanProc.cpp,RESEARCH_CANDIDATE_NOT_INTEGRATED_NOT_BENCHMARKED,9b871163678d26bde17c7d258b14d37187f942a3
SubTight,Filter,https://github.com/baconpaul/airwin2rack/blob/9b871163678d26bde17c7d258b14d37187f942a3/src/autogen_airwin/SubTightProc.cpp,RESEARCH_CANDIDATE_NOT_INTEGRATED_NOT_BENCHMARKED,9b871163678d26bde17c7d258b14d37187f942a3
SubsOnly,Utility,https://github.com/baconpaul/airwin2rack/blob/9b871163678d26bde17c7d258b14d37187f942a3/src/autogen_airwin/SubsOnlyProc.cpp,RESEARCH_CANDIDATE_NOT_INTEGRATED_NOT_BENCHMARKED,9b871163678d26bde17c7d258b14d37187f942a3
Surge,Dynamics,https://github.com/baconpaul/airwin2rack/blob/9b871163678d26bde17c7d258b14d37187f942a3/src/autogen_airwin/SurgeProc.cpp,RESEARCH_CANDIDATE_NOT_INTEGRATED_NOT_BENCHMARKED,9b871163678d26bde17c7d258b14d37187f942a3
SurgeTide,Dynamics,https://github.com/baconpaul/airwin2rack/blob/9b871163678d26bde17c7d258b14d37187f942a3/src/autogen_airwin/SurgeTideProc.cpp,RESEARCH_CANDIDATE_NOT_INTEGRATED_NOT_BENCHMARKED,9b871163678d26bde17c7d258b14d37187f942a3
Suzan,Filter,https://github.com/baconpaul/airwin2rack/blob/9b871163678d26bde17c7d258b14d37187f942a3/src/autogen_airwin/SuzanProc.cpp,RESEARCH_CANDIDATE_NOT_INTEGRATED_NOT_BENCHMARKED,9b871163678d26bde17c7d258b14d37187f942a3
SweetWide,Stereo,https://github.com/baconpaul/airwin2rack/blob/9b871163678d26bde17c7d258b14d37187f942a3/src/autogen_airwin/SweetWideProc.cpp,RESEARCH_CANDIDATE_NOT_INTEGRATED_NOT_BENCHMARKED,9b871163678d26bde17c7d258b14d37187f942a3
Sweeten,Subtlety,https://github.com/baconpaul/airwin2rack/blob/9b871163678d26bde17c7d258b14d37187f942a3/src/autogen_airwin/SweetenProc.cpp,RESEARCH_CANDIDATE_NOT_INTEGRATED_NOT_BENCHMARKED,9b871163678d26bde17c7d258b14d37187f942a3
Swell,Dynamics,https://github.com/baconpaul/airwin2rack/blob/9b871163678d26bde17c7d258b14d37187f942a3/src/autogen_airwin/SwellProc.cpp,RESEARCH_CANDIDATE_NOT_INTEGRATED_NOT_BENCHMARKED,9b871163678d26bde17c7d258b14d37187f942a3
TPDFDither,Dithers,https://github.com/baconpaul/airwin2rack/blob/9b871163678d26bde17c7d258b14d37187f942a3/src/autogen_airwin/TPDFDitherProc.cpp,RESEARCH_CANDIDATE_NOT_INTEGRATED_NOT_BENCHMARKED,9b871163678d26bde17c7d258b14d37187f942a3
TPDFWide,Dithers,https://github.com/baconpaul/airwin2rack/blob/9b871163678d26bde17c7d258b14d37187f942a3/src/autogen_airwin/TPDFWideProc.cpp,RESEARCH_CANDIDATE_NOT_INTEGRATED_NOT_BENCHMARKED,9b871163678d26bde17c7d258b14d37187f942a3
TakeCare,Effects,https://github.com/baconpaul/airwin2rack/blob/9b871163678d26bde17c7d258b14d37187f942a3/src/autogen_airwin/TakeCareProc.cpp,RESEARCH_CANDIDATE_NOT_INTEGRATED_NOT_BENCHMARKED,9b871163678d26bde17c7d258b14d37187f942a3
Tape,Tape,https://github.com/baconpaul/airwin2rack/blob/9b871163678d26bde17c7d258b14d37187f942a3/src/autogen_airwin/TapeProc.cpp,RESEARCH_CANDIDATE_NOT_INTEGRATED_NOT_BENCHMARKED,9b871163678d26bde17c7d258b14d37187f942a3
TapeBias,Lo-Fi,https://github.com/baconpaul/airwin2rack/blob/9b871163678d26bde17c7d258b14d37187f942a3/src/autogen_airwin/TapeBiasProc.cpp,RESEARCH_CANDIDATE_NOT_INTEGRATED_NOT_BENCHMARKED,9b871163678d26bde17c7d258b14d37187f942a3
TapeDelay,Ambience,https://github.com/baconpaul/airwin2rack/blob/9b871163678d26bde17c7d258b14d37187f942a3/src/autogen_airwin/TapeDelayProc.cpp,RESEARCH_CANDIDATE_NOT_INTEGRATED_NOT_BENCHMARKED,9b871163678d26bde17c7d258b14d37187f942a3
TapeDelay2,Ambience,https://github.com/baconpaul/airwin2rack/blob/9b871163678d26bde17c7d258b14d37187f942a3/src/autogen_airwin/TapeDelay2Proc.cpp,RESEARCH_CANDIDATE_NOT_INTEGRATED_NOT_BENCHMARKED,9b871163678d26bde17c7d258b14d37187f942a3
TapeDither,Dithers,https://github.com/baconpaul/airwin2rack/blob/9b871163678d26bde17c7d258b14d37187f942a3/src/autogen_airwin/TapeDitherProc.cpp,RESEARCH_CANDIDATE_NOT_INTEGRATED_NOT_BENCHMARKED,9b871163678d26bde17c7d258b14d37187f942a3
TapeDust,Noise,https://github.com/baconpaul/airwin2rack/blob/9b871163678d26bde17c7d258b14d37187f942a3/src/autogen_airwin/TapeDustProc.cpp,RESEARCH_CANDIDATE_NOT_INTEGRATED_NOT_BENCHMARKED,9b871163678d26bde17c7d258b14d37187f942a3
TapeFat,Filter,https://github.com/baconpaul/airwin2rack/blob/9b871163678d26bde17c7d258b14d37187f942a3/src/autogen_airwin/TapeFatProc.cpp,RESEARCH_CANDIDATE_NOT_INTEGRATED_NOT_BENCHMARKED,9b871163678d26bde17c7d258b14d37187f942a3
TapeHack,Tape,https://github.com/baconpaul/airwin2rack/blob/9b871163678d26bde17c7d258b14d37187f942a3/src/autogen_airwin/TapeHackProc.cpp,RESEARCH_CANDIDATE_NOT_INTEGRATED_NOT_BENCHMARKED,9b871163678d26bde17c7d258b14d37187f942a3
TapeHack2,Tape,https://github.com/baconpaul/airwin2rack/blob/9b871163678d26bde17c7d258b14d37187f942a3/src/autogen_airwin/TapeHack2Proc.cpp,RESEARCH_CANDIDATE_NOT_INTEGRATED_NOT_BENCHMARKED,9b871163678d26bde17c7d258b14d37187f942a3
Texturize,Noise,https://github.com/baconpaul/airwin2rack/blob/9b871163678d26bde17c7d258b14d37187f942a3/src/autogen_airwin/TexturizeProc.cpp,RESEARCH_CANDIDATE_NOT_INTEGRATED_NOT_BENCHMARKED,9b871163678d26bde17c7d258b14d37187f942a3
TexturizeMS,Noise,https://github.com/baconpaul/airwin2rack/blob/9b871163678d26bde17c7d258b14d37187f942a3/src/autogen_airwin/TexturizeMSProc.cpp,RESEARCH_CANDIDATE_NOT_INTEGRATED_NOT_BENCHMARKED,9b871163678d26bde17c7d258b14d37187f942a3
Thunder,Dynamics,https://github.com/baconpaul/airwin2rack/blob/9b871163678d26bde17c7d258b14d37187f942a3/src/autogen_airwin/ThunderProc.cpp,RESEARCH_CANDIDATE_NOT_INTEGRATED_NOT_BENCHMARKED,9b871163678d26bde17c7d258b14d37187f942a3
ToTape5,Tape,https://github.com/baconpaul/airwin2rack/blob/9b871163678d26bde17c7d258b14d37187f942a3/src/autogen_airwin/ToTape5Proc.cpp,RESEARCH_CANDIDATE_NOT_INTEGRATED_NOT_BENCHMARKED,9b871163678d26bde17c7d258b14d37187f942a3
ToTape6,Tape,https://github.com/baconpaul/airwin2rack/blob/9b871163678d26bde17c7d258b14d37187f942a3/src/autogen_airwin/ToTape6Proc.cpp,RESEARCH_CANDIDATE_NOT_INTEGRATED_NOT_BENCHMARKED,9b871163678d26bde17c7d258b14d37187f942a3
ToTape7,Tape,https://github.com/baconpaul/airwin2rack/blob/9b871163678d26bde17c7d258b14d37187f942a3/src/autogen_airwin/ToTape7Proc.cpp,RESEARCH_CANDIDATE_NOT_INTEGRATED_NOT_BENCHMARKED,9b871163678d26bde17c7d258b14d37187f942a3
ToTape8,Tape,https://github.com/baconpaul/airwin2rack/blob/9b871163678d26bde17c7d258b14d37187f942a3/src/autogen_airwin/ToTape8Proc.cpp,RESEARCH_CANDIDATE_NOT_INTEGRATED_NOT_BENCHMARKED,9b871163678d26bde17c7d258b14d37187f942a3
ToTape9,Tape,https://github.com/baconpaul/airwin2rack/blob/9b871163678d26bde17c7d258b14d37187f942a3/src/autogen_airwin/ToTape9Proc.cpp,RESEARCH_CANDIDATE_NOT_INTEGRATED_NOT_BENCHMARKED,9b871163678d26bde17c7d258b14d37187f942a3
ToVinyl4,Stereo,https://github.com/baconpaul/airwin2rack/blob/9b871163678d26bde17c7d258b14d37187f942a3/src/autogen_airwin/ToVinyl4Proc.cpp,RESEARCH_CANDIDATE_NOT_INTEGRATED_NOT_BENCHMARKED,9b871163678d26bde17c7d258b14d37187f942a3
ToneSlant,Filter,https://github.com/baconpaul/airwin2rack/blob/9b871163678d26bde17c7d258b14d37187f942a3/src/autogen_airwin/ToneSlantProc.cpp,RESEARCH_CANDIDATE_NOT_INTEGRATED_NOT_BENCHMARKED,9b871163678d26bde17c7d258b14d37187f942a3
TransDesk,Subtlety,https://github.com/baconpaul/airwin2rack/blob/9b871163678d26bde17c7d258b14d37187f942a3/src/autogen_airwin/TransDeskProc.cpp,RESEARCH_CANDIDATE_NOT_INTEGRATED_NOT_BENCHMARKED,9b871163678d26bde17c7d258b14d37187f942a3
TremoSquare,Effects,https://github.com/baconpaul/airwin2rack/blob/9b871163678d26bde17c7d258b14d37187f942a3/src/autogen_airwin/TremoSquareProc.cpp,RESEARCH_CANDIDATE_NOT_INTEGRATED_NOT_BENCHMARKED,9b871163678d26bde17c7d258b14d37187f942a3
Tremolo,Effects,https://github.com/baconpaul/airwin2rack/blob/9b871163678d26bde17c7d258b14d37187f942a3/src/autogen_airwin/TremoloProc.cpp,RESEARCH_CANDIDATE_NOT_INTEGRATED_NOT_BENCHMARKED,9b871163678d26bde17c7d258b14d37187f942a3
Trianglizer,Effects,https://github.com/baconpaul/airwin2rack/blob/9b871163678d26bde17c7d258b14d37187f942a3/src/autogen_airwin/TrianglizerProc.cpp,RESEARCH_CANDIDATE_NOT_INTEGRATED_NOT_BENCHMARKED,9b871163678d26bde17c7d258b14d37187f942a3
TripleSpread,Ambience,https://github.com/baconpaul/airwin2rack/blob/9b871163678d26bde17c7d258b14d37187f942a3/src/autogen_airwin/TripleSpreadProc.cpp,RESEARCH_CANDIDATE_NOT_INTEGRATED_NOT_BENCHMARKED,9b871163678d26bde17c7d258b14d37187f942a3
Tube,Saturation,https://github.com/baconpaul/airwin2rack/blob/9b871163678d26bde17c7d258b14d37187f942a3/src/autogen_airwin/TubeProc.cpp,RESEARCH_CANDIDATE_NOT_INTEGRATED_NOT_BENCHMARKED,9b871163678d26bde17c7d258b14d37187f942a3
Tube2,Saturation,https://github.com/baconpaul/airwin2rack/blob/9b871163678d26bde17c7d258b14d37187f942a3/src/autogen_airwin/Tube2Proc.cpp,RESEARCH_CANDIDATE_NOT_INTEGRATED_NOT_BENCHMARKED,9b871163678d26bde17c7d258b14d37187f942a3
TubeDesk,Subtlety,https://github.com/baconpaul/airwin2rack/blob/9b871163678d26bde17c7d258b14d37187f942a3/src/autogen_airwin/TubeDeskProc.cpp,RESEARCH_CANDIDATE_NOT_INTEGRATED_NOT_BENCHMARKED,9b871163678d26bde17c7d258b14d37187f942a3
Ultralight,Reverb,https://github.com/baconpaul/airwin2rack/blob/9b871163678d26bde17c7d258b14d37187f942a3/src/autogen_airwin/UltralightProc.cpp,RESEARCH_CANDIDATE_NOT_INTEGRATED_NOT_BENCHMARKED,9b871163678d26bde17c7d258b14d37187f942a3
Ultralight2,Reverb,https://github.com/baconpaul/airwin2rack/blob/9b871163678d26bde17c7d258b14d37187f942a3/src/autogen_airwin/Ultralight2Proc.cpp,RESEARCH_CANDIDATE_NOT_INTEGRATED_NOT_BENCHMARKED,9b871163678d26bde17c7d258b14d37187f942a3
UltrasonX,Brightness,https://github.com/baconpaul/airwin2rack/blob/9b871163678d26bde17c7d258b14d37187f942a3/src/autogen_airwin/UltrasonXProc.cpp,RESEARCH_CANDIDATE_NOT_INTEGRATED_NOT_BENCHMARKED,9b871163678d26bde17c7d258b14d37187f942a3
Ultrasonic,Brightness,https://github.com/baconpaul/airwin2rack/blob/9b871163678d26bde17c7d258b14d37187f942a3/src/autogen_airwin/UltrasonicProc.cpp,RESEARCH_CANDIDATE_NOT_INTEGRATED_NOT_BENCHMARKED,9b871163678d26bde17c7d258b14d37187f942a3
UltrasonicLite,Brightness,https://github.com/baconpaul/airwin2rack/blob/9b871163678d26bde17c7d258b14d37187f942a3/src/autogen_airwin/UltrasonicLiteProc.cpp,RESEARCH_CANDIDATE_NOT_INTEGRATED_NOT_BENCHMARKED,9b871163678d26bde17c7d258b14d37187f942a3
UltrasonicMed,Brightness,https://github.com/baconpaul/airwin2rack/blob/9b871163678d26bde17c7d258b14d37187f942a3/src/autogen_airwin/UltrasonicMedProc.cpp,RESEARCH_CANDIDATE_NOT_INTEGRATED_NOT_BENCHMARKED,9b871163678d26bde17c7d258b14d37187f942a3
UnBox,Saturation,https://github.com/baconpaul/airwin2rack/blob/9b871163678d26bde17c7d258b14d37187f942a3/src/autogen_airwin/UnBoxProc.cpp,RESEARCH_CANDIDATE_NOT_INTEGRATED_NOT_BENCHMARKED,9b871163678d26bde17c7d258b14d37187f942a3
VariMu,Dynamics,https://github.com/baconpaul/airwin2rack/blob/9b871163678d26bde17c7d258b14d37187f942a3/src/autogen_airwin/VariMuProc.cpp,RESEARCH_CANDIDATE_NOT_INTEGRATED_NOT_BENCHMARKED,9b871163678d26bde17c7d258b14d37187f942a3
VerbSixes,Reverb,https://github.com/baconpaul/airwin2rack/blob/9b871163678d26bde17c7d258b14d37187f942a3/src/autogen_airwin/VerbSixesProc.cpp,RESEARCH_CANDIDATE_NOT_INTEGRATED_NOT_BENCHMARKED,9b871163678d26bde17c7d258b14d37187f942a3
VerbThic,Reverb,https://github.com/baconpaul/airwin2rack/blob/9b871163678d26bde17c7d258b14d37187f942a3/src/autogen_airwin/VerbThicProc.cpp,RESEARCH_CANDIDATE_NOT_INTEGRATED_NOT_BENCHMARKED,9b871163678d26bde17c7d258b14d37187f942a3
VerbTiny,Reverb,https://github.com/baconpaul/airwin2rack/blob/9b871163678d26bde17c7d258b14d37187f942a3/src/autogen_airwin/VerbTinyProc.cpp,RESEARCH_CANDIDATE_NOT_INTEGRATED_NOT_BENCHMARKED,9b871163678d26bde17c7d258b14d37187f942a3
Verbity,Reverb,https://github.com/baconpaul/airwin2rack/blob/9b871163678d26bde17c7d258b14d37187f942a3/src/autogen_airwin/VerbityProc.cpp,RESEARCH_CANDIDATE_NOT_INTEGRATED_NOT_BENCHMARKED,9b871163678d26bde17c7d258b14d37187f942a3
Verbity2,Reverb,https://github.com/baconpaul/airwin2rack/blob/9b871163678d26bde17c7d258b14d37187f942a3/src/autogen_airwin/Verbity2Proc.cpp,RESEARCH_CANDIDATE_NOT_INTEGRATED_NOT_BENCHMARKED,9b871163678d26bde17c7d258b14d37187f942a3
Vibrato,Lo-Fi,https://github.com/baconpaul/airwin2rack/blob/9b871163678d26bde17c7d258b14d37187f942a3/src/autogen_airwin/VibratoProc.cpp,RESEARCH_CANDIDATE_NOT_INTEGRATED_NOT_BENCHMARKED,9b871163678d26bde17c7d258b14d37187f942a3
VinylDither,Dithers,https://github.com/baconpaul/airwin2rack/blob/9b871163678d26bde17c7d258b14d37187f942a3/src/autogen_airwin/VinylDitherProc.cpp,RESEARCH_CANDIDATE_NOT_INTEGRATED_NOT_BENCHMARKED,9b871163678d26bde17c7d258b14d37187f942a3
VoiceOfTheStarship,Noise,https://github.com/baconpaul/airwin2rack/blob/9b871163678d26bde17c7d258b14d37187f942a3/src/autogen_airwin/VoiceOfTheStarshipProc.cpp,RESEARCH_CANDIDATE_NOT_INTEGRATED_NOT_BENCHMARKED,9b871163678d26bde17c7d258b14d37187f942a3
VoiceTrick,Utility,https://github.com/baconpaul/airwin2rack/blob/9b871163678d26bde17c7d258b14d37187f942a3/src/autogen_airwin/VoiceTrickProc.cpp,RESEARCH_CANDIDATE_NOT_INTEGRATED_NOT_BENCHMARKED,9b871163678d26bde17c7d258b14d37187f942a3
Weave,Unclassified,https://github.com/baconpaul/airwin2rack/blob/9b871163678d26bde17c7d258b14d37187f942a3/src/autogen_airwin/WeaveProc.cpp,RESEARCH_CANDIDATE_NOT_INTEGRATED_NOT_BENCHMARKED,9b871163678d26bde17c7d258b14d37187f942a3
Weight,Filter,https://github.com/baconpaul/airwin2rack/blob/9b871163678d26bde17c7d258b14d37187f942a3/src/autogen_airwin/WeightProc.cpp,RESEARCH_CANDIDATE_NOT_INTEGRATED_NOT_BENCHMARKED,9b871163678d26bde17c7d258b14d37187f942a3
Wider,Stereo,https://github.com/baconpaul/airwin2rack/blob/9b871163678d26bde17c7d258b14d37187f942a3/src/autogen_airwin/WiderProc.cpp,RESEARCH_CANDIDATE_NOT_INTEGRATED_NOT_BENCHMARKED,9b871163678d26bde17c7d258b14d37187f942a3
Wolfbot,Amp Sims,https://github.com/baconpaul/airwin2rack/blob/9b871163678d26bde17c7d258b14d37187f942a3/src/autogen_airwin/WolfbotProc.cpp,RESEARCH_CANDIDATE_NOT_INTEGRATED_NOT_BENCHMARKED,9b871163678d26bde17c7d258b14d37187f942a3
WoodenBox,Tone Color,https://github.com/baconpaul/airwin2rack/blob/9b871163678d26bde17c7d258b14d37187f942a3/src/autogen_airwin/WoodenBoxProc.cpp,RESEARCH_CANDIDATE_NOT_INTEGRATED_NOT_BENCHMARKED,9b871163678d26bde17c7d258b14d37187f942a3
X2Buss,Dynamics,https://github.com/baconpaul/airwin2rack/blob/9b871163678d26bde17c7d258b14d37187f942a3/src/autogen_airwin/X2BussProc.cpp,RESEARCH_CANDIDATE_NOT_INTEGRATED_NOT_BENCHMARKED,9b871163678d26bde17c7d258b14d37187f942a3
XBandpass,XYZ Filters,https://github.com/baconpaul/airwin2rack/blob/9b871163678d26bde17c7d258b14d37187f942a3/src/autogen_airwin/XBandpassProc.cpp,RESEARCH_CANDIDATE_NOT_INTEGRATED_NOT_BENCHMARKED,9b871163678d26bde17c7d258b14d37187f942a3
XHighpass,XYZ Filters,https://github.com/baconpaul/airwin2rack/blob/9b871163678d26bde17c7d258b14d37187f942a3/src/autogen_airwin/XHighpassProc.cpp,RESEARCH_CANDIDATE_NOT_INTEGRATED_NOT_BENCHMARKED,9b871163678d26bde17c7d258b14d37187f942a3
XLowpass,XYZ Filters,https://github.com/baconpaul/airwin2rack/blob/9b871163678d26bde17c7d258b14d37187f942a3/src/autogen_airwin/XLowpassProc.cpp,RESEARCH_CANDIDATE_NOT_INTEGRATED_NOT_BENCHMARKED,9b871163678d26bde17c7d258b14d37187f942a3
XNotch,XYZ Filters,https://github.com/baconpaul/airwin2rack/blob/9b871163678d26bde17c7d258b14d37187f942a3/src/autogen_airwin/XNotchProc.cpp,RESEARCH_CANDIDATE_NOT_INTEGRATED_NOT_BENCHMARKED,9b871163678d26bde17c7d258b14d37187f942a3
XRegion,XYZ Filters,https://github.com/baconpaul/airwin2rack/blob/9b871163678d26bde17c7d258b14d37187f942a3/src/autogen_airwin/XRegionProc.cpp,RESEARCH_CANDIDATE_NOT_INTEGRATED_NOT_BENCHMARKED,9b871163678d26bde17c7d258b14d37187f942a3
YBandpass,XYZ Filters,https://github.com/baconpaul/airwin2rack/blob/9b871163678d26bde17c7d258b14d37187f942a3/src/autogen_airwin/YBandpassProc.cpp,RESEARCH_CANDIDATE_NOT_INTEGRATED_NOT_BENCHMARKED,9b871163678d26bde17c7d258b14d37187f942a3
YHighpass,XYZ Filters,https://github.com/baconpaul/airwin2rack/blob/9b871163678d26bde17c7d258b14d37187f942a3/src/autogen_airwin/YHighpassProc.cpp,RESEARCH_CANDIDATE_NOT_INTEGRATED_NOT_BENCHMARKED,9b871163678d26bde17c7d258b14d37187f942a3
YLowpass,XYZ Filters,https://github.com/baconpaul/airwin2rack/blob/9b871163678d26bde17c7d258b14d37187f942a3/src/autogen_airwin/YLowpassProc.cpp,RESEARCH_CANDIDATE_NOT_INTEGRATED_NOT_BENCHMARKED,9b871163678d26bde17c7d258b14d37187f942a3
YNotBandpass,XYZ Filters,https://github.com/baconpaul/airwin2rack/blob/9b871163678d26bde17c7d258b14d37187f942a3/src/autogen_airwin/YNotBandpassProc.cpp,RESEARCH_CANDIDATE_NOT_INTEGRATED_NOT_BENCHMARKED,9b871163678d26bde17c7d258b14d37187f942a3
YNotHighpass,XYZ Filters,https://github.com/baconpaul/airwin2rack/blob/9b871163678d26bde17c7d258b14d37187f942a3/src/autogen_airwin/YNotHighpassProc.cpp,RESEARCH_CANDIDATE_NOT_INTEGRATED_NOT_BENCHMARKED,9b871163678d26bde17c7d258b14d37187f942a3
YNotLowpass,XYZ Filters,https://github.com/baconpaul/airwin2rack/blob/9b871163678d26bde17c7d258b14d37187f942a3/src/autogen_airwin/YNotLowpassProc.cpp,RESEARCH_CANDIDATE_NOT_INTEGRATED_NOT_BENCHMARKED,9b871163678d26bde17c7d258b14d37187f942a3
YNotNotch,XYZ Filters,https://github.com/baconpaul/airwin2rack/blob/9b871163678d26bde17c7d258b14d37187f942a3/src/autogen_airwin/YNotNotchProc.cpp,RESEARCH_CANDIDATE_NOT_INTEGRATED_NOT_BENCHMARKED,9b871163678d26bde17c7d258b14d37187f942a3
YNotch,XYZ Filters,https://github.com/baconpaul/airwin2rack/blob/9b871163678d26bde17c7d258b14d37187f942a3/src/autogen_airwin/YNotchProc.cpp,RESEARCH_CANDIDATE_NOT_INTEGRATED_NOT_BENCHMARKED,9b871163678d26bde17c7d258b14d37187f942a3
ZAcidLowpass,XYZ Filters,https://github.com/baconpaul/airwin2rack/blob/9b871163678d26bde17c7d258b14d37187f942a3/src/autogen_airwin/ZAcidLowpassProc.cpp,RESEARCH_CANDIDATE_NOT_INTEGRATED_NOT_BENCHMARKED,9b871163678d26bde17c7d258b14d37187f942a3
ZBandpass,XYZ Filters,https://github.com/baconpaul/airwin2rack/blob/9b871163678d26bde17c7d258b14d37187f942a3/src/autogen_airwin/ZBandpassProc.cpp,RESEARCH_CANDIDATE_NOT_INTEGRATED_NOT_BENCHMARKED,9b871163678d26bde17c7d258b14d37187f942a3
ZBandpass2,XYZ Filters,https://github.com/baconpaul/airwin2rack/blob/9b871163678d26bde17c7d258b14d37187f942a3/src/autogen_airwin/ZBandpass2Proc.cpp,RESEARCH_CANDIDATE_NOT_INTEGRATED_NOT_BENCHMARKED,9b871163678d26bde17c7d258b14d37187f942a3
ZHighpass,XYZ Filters,https://github.com/baconpaul/airwin2rack/blob/9b871163678d26bde17c7d258b14d37187f942a3/src/autogen_airwin/ZHighpassProc.cpp,RESEARCH_CANDIDATE_NOT_INTEGRATED_NOT_BENCHMARKED,9b871163678d26bde17c7d258b14d37187f942a3
ZHighpass2,XYZ Filters,https://github.com/baconpaul/airwin2rack/blob/9b871163678d26bde17c7d258b14d37187f942a3/src/autogen_airwin/ZHighpass2Proc.cpp,RESEARCH_CANDIDATE_NOT_INTEGRATED_NOT_BENCHMARKED,9b871163678d26bde17c7d258b14d37187f942a3
ZLowpass,XYZ Filters,https://github.com/baconpaul/airwin2rack/blob/9b871163678d26bde17c7d258b14d37187f942a3/src/autogen_airwin/ZLowpassProc.cpp,RESEARCH_CANDIDATE_NOT_INTEGRATED_NOT_BENCHMARKED,9b871163678d26bde17c7d258b14d37187f942a3
ZLowpass2,XYZ Filters,https://github.com/baconpaul/airwin2rack/blob/9b871163678d26bde17c7d258b14d37187f942a3/src/autogen_airwin/ZLowpass2Proc.cpp,RESEARCH_CANDIDATE_NOT_INTEGRATED_NOT_BENCHMARKED,9b871163678d26bde17c7d258b14d37187f942a3
ZNotch,XYZ Filters,https://github.com/baconpaul/airwin2rack/blob/9b871163678d26bde17c7d258b14d37187f942a3/src/autogen_airwin/ZNotchProc.cpp,RESEARCH_CANDIDATE_NOT_INTEGRATED_NOT_BENCHMARKED,9b871163678d26bde17c7d258b14d37187f942a3
ZNotch2,XYZ Filters,https://github.com/baconpaul/airwin2rack/blob/9b871163678d26bde17c7d258b14d37187f942a3/src/autogen_airwin/ZNotch2Proc.cpp,RESEARCH_CANDIDATE_NOT_INTEGRATED_NOT_BENCHMARKED,9b871163678d26bde17c7d258b14d37187f942a3
ZOutputStage,Distortion,https://github.com/baconpaul/airwin2rack/blob/9b871163678d26bde17c7d258b14d37187f942a3/src/autogen_airwin/ZOutputStageProc.cpp,RESEARCH_CANDIDATE_NOT_INTEGRATED_NOT_BENCHMARKED,9b871163678d26bde17c7d258b14d37187f942a3
ZRegion,XYZ Filters,https://github.com/baconpaul/airwin2rack/blob/9b871163678d26bde17c7d258b14d37187f942a3/src/autogen_airwin/ZRegionProc.cpp,RESEARCH_CANDIDATE_NOT_INTEGRATED_NOT_BENCHMARKED,9b871163678d26bde17c7d258b14d37187f942a3
ZRegion2,XYZ Filters,https://github.com/baconpaul/airwin2rack/blob/9b871163678d26bde17c7d258b14d37187f942a3/src/autogen_airwin/ZRegion2Proc.cpp,RESEARCH_CANDIDATE_NOT_INTEGRATED_NOT_BENCHMARKED,9b871163678d26bde17c7d258b14d37187f942a3
Zoom,Distortion,https://github.com/baconpaul/airwin2rack/blob/9b871163678d26bde17c7d258b14d37187f942a3/src/autogen_airwin/ZoomProc.cpp,RESEARCH_CANDIDATE_NOT_INTEGRATED_NOT_BENCHMARKED,9b871163678d26bde17c7d258b14d37187f942a3
curve,Dynamics,https://github.com/baconpaul/airwin2rack/blob/9b871163678d26bde17c7d258b14d37187f942a3/src/autogen_airwin/curveProc.cpp,RESEARCH_CANDIDATE_NOT_INTEGRATED_NOT_BENCHMARKED,9b871163678d26bde17c7d258b14d37187f942a3
kAlienSpaceship,Reverb,https://github.com/baconpaul/airwin2rack/blob/9b871163678d26bde17c7d258b14d37187f942a3/src/autogen_airwin/kAlienSpaceshipProc.cpp,RESEARCH_CANDIDATE_NOT_INTEGRATED_NOT_BENCHMARKED,9b871163678d26bde17c7d258b14d37187f942a3
kBeyond,Reverb,https://github.com/baconpaul/airwin2rack/blob/9b871163678d26bde17c7d258b14d37187f942a3/src/autogen_airwin/kBeyondProc.cpp,RESEARCH_CANDIDATE_NOT_INTEGRATED_NOT_BENCHMARKED,9b871163678d26bde17c7d258b14d37187f942a3
kCathedral,Reverb,https://github.com/baconpaul/airwin2rack/blob/9b871163678d26bde17c7d258b14d37187f942a3/src/autogen_airwin/kCathedralProc.cpp,RESEARCH_CANDIDATE_NOT_INTEGRATED_NOT_BENCHMARKED,9b871163678d26bde17c7d258b14d37187f942a3
kCathedral2,Reverb,https://github.com/baconpaul/airwin2rack/blob/9b871163678d26bde17c7d258b14d37187f942a3/src/autogen_airwin/kCathedral2Proc.cpp,RESEARCH_CANDIDATE_NOT_INTEGRATED_NOT_BENCHMARKED,9b871163678d26bde17c7d258b14d37187f942a3
kCathedral3,Reverb,https://github.com/baconpaul/airwin2rack/blob/9b871163678d26bde17c7d258b14d37187f942a3/src/autogen_airwin/kCathedral3Proc.cpp,RESEARCH_CANDIDATE_NOT_INTEGRATED_NOT_BENCHMARKED,9b871163678d26bde17c7d258b14d37187f942a3
kCathedral4,Reverb,https://github.com/baconpaul/airwin2rack/blob/9b871163678d26bde17c7d258b14d37187f942a3/src/autogen_airwin/kCathedral4Proc.cpp,RESEARCH_CANDIDATE_NOT_INTEGRATED_NOT_BENCHMARKED,9b871163678d26bde17c7d258b14d37187f942a3
kCathedral5,Reverb,https://github.com/baconpaul/airwin2rack/blob/9b871163678d26bde17c7d258b14d37187f942a3/src/autogen_airwin/kCathedral5Proc.cpp,RESEARCH_CANDIDATE_NOT_INTEGRATED_NOT_BENCHMARKED,9b871163678d26bde17c7d258b14d37187f942a3
kChamberAR,Ambience,https://github.com/baconpaul/airwin2rack/blob/9b871163678d26bde17c7d258b14d37187f942a3/src/autogen_airwin/kChamberARProc.cpp,RESEARCH_CANDIDATE_NOT_INTEGRATED_NOT_BENCHMARKED,9b871163678d26bde17c7d258b14d37187f942a3
kCosmos,Reverb,https://github.com/baconpaul/airwin2rack/blob/9b871163678d26bde17c7d258b14d37187f942a3/src/autogen_airwin/kCosmosProc.cpp,RESEARCH_CANDIDATE_NOT_INTEGRATED_NOT_BENCHMARKED,9b871163678d26bde17c7d258b14d37187f942a3
kCyberCity,Reverb,https://github.com/baconpaul/airwin2rack/blob/9b871163678d26bde17c7d258b14d37187f942a3/src/autogen_airwin/kCyberCityProc.cpp,RESEARCH_CANDIDATE_NOT_INTEGRATED_NOT_BENCHMARKED,9b871163678d26bde17c7d258b14d37187f942a3
kGuitarHall,Reverb,https://github.com/baconpaul/airwin2rack/blob/9b871163678d26bde17c7d258b14d37187f942a3/src/autogen_airwin/kGuitarHallProc.cpp,RESEARCH_CANDIDATE_NOT_INTEGRATED_NOT_BENCHMARKED,9b871163678d26bde17c7d258b14d37187f942a3
kGuitarHall2,Reverb,https://github.com/baconpaul/airwin2rack/blob/9b871163678d26bde17c7d258b14d37187f942a3/src/autogen_airwin/kGuitarHall2Proc.cpp,RESEARCH_CANDIDATE_NOT_INTEGRATED_NOT_BENCHMARKED,9b871163678d26bde17c7d258b14d37187f942a3
kPlate140,Reverb,https://github.com/baconpaul/airwin2rack/blob/9b871163678d26bde17c7d258b14d37187f942a3/src/autogen_airwin/kPlate140Proc.cpp,RESEARCH_CANDIDATE_NOT_INTEGRATED_NOT_BENCHMARKED,9b871163678d26bde17c7d258b14d37187f942a3
kPlate240,Reverb,https://github.com/baconpaul/airwin2rack/blob/9b871163678d26bde17c7d258b14d37187f942a3/src/autogen_airwin/kPlate240Proc.cpp,RESEARCH_CANDIDATE_NOT_INTEGRATED_NOT_BENCHMARKED,9b871163678d26bde17c7d258b14d37187f942a3
kPlateA,Reverb,https://github.com/baconpaul/airwin2rack/blob/9b871163678d26bde17c7d258b14d37187f942a3/src/autogen_airwin/kPlateAProc.cpp,RESEARCH_CANDIDATE_NOT_INTEGRATED_NOT_BENCHMARKED,9b871163678d26bde17c7d258b14d37187f942a3
kPlateB,Reverb,https://github.com/baconpaul/airwin2rack/blob/9b871163678d26bde17c7d258b14d37187f942a3/src/autogen_airwin/kPlateBProc.cpp,RESEARCH_CANDIDATE_NOT_INTEGRATED_NOT_BENCHMARKED,9b871163678d26bde17c7d258b14d37187f942a3
kPlateC,Reverb,https://github.com/baconpaul/airwin2rack/blob/9b871163678d26bde17c7d258b14d37187f942a3/src/autogen_airwin/kPlateCProc.cpp,RESEARCH_CANDIDATE_NOT_INTEGRATED_NOT_BENCHMARKED,9b871163678d26bde17c7d258b14d37187f942a3
kPlateD,Reverb,https://github.com/baconpaul/airwin2rack/blob/9b871163678d26bde17c7d258b14d37187f942a3/src/autogen_airwin/kPlateDProc.cpp,RESEARCH_CANDIDATE_NOT_INTEGRATED_NOT_BENCHMARKED,9b871163678d26bde17c7d258b14d37187f942a3
kRockstar,Reverb,https://github.com/baconpaul/airwin2rack/blob/9b871163678d26bde17c7d258b14d37187f942a3/src/autogen_airwin/kRockstarProc.cpp,RESEARCH_CANDIDATE_NOT_INTEGRATED_NOT_BENCHMARKED,9b871163678d26bde17c7d258b14d37187f942a3
kRockstar2,Reverb,https://github.com/baconpaul/airwin2rack/blob/9b871163678d26bde17c7d258b14d37187f942a3/src/autogen_airwin/kRockstar2Proc.cpp,RESEARCH_CANDIDATE_NOT_INTEGRATED_NOT_BENCHMARKED,9b871163678d26bde17c7d258b14d37187f942a3
kStation,Reverb,https://github.com/baconpaul/airwin2rack/blob/9b871163678d26bde17c7d258b14d37187f942a3/src/autogen_airwin/kStationProc.cpp,RESEARCH_CANDIDATE_NOT_INTEGRATED_NOT_BENCHMARKED,9b871163678d26bde17c7d258b14d37187f942a3
kWoodRoom,Reverb,https://github.com/baconpaul/airwin2rack/blob/9b871163678d26bde17c7d258b14d37187f942a3/src/autogen_airwin/kWoodRoomProc.cpp,RESEARCH_CANDIDATE_NOT_INTEGRATED_NOT_BENCHMARKED,9b871163678d26bde17c7d258b14d37187f942a3
uLawDecode,Utility,https://github.com/baconpaul/airwin2rack/blob/9b871163678d26bde17c7d258b14d37187f942a3/src/autogen_airwin/uLawDecodeProc.cpp,RESEARCH_CANDIDATE_NOT_INTEGRATED_NOT_BENCHMARKED,9b871163678d26bde17c7d258b14d37187f942a3
uLawEncode,Utility,https://github.com/baconpaul/airwin2rack/blob/9b871163678d26bde17c7d258b14d37187f942a3/src/autogen_airwin/uLawEncodeProc.cpp,RESEARCH_CANDIDATE_NOT_INTEGRATED_NOT_BENCHMARKED,9b871163678d26bde17c7d258b14d37187f942a3
